source,dataset,mechanism,severity,seed,status,validation_passed,achieved_rate,asymmetry_ratio,ratio_source
cleanml,Airbnb,uniform,0.05,1,OK,True,{'Rating': 0.050477626948215185},,
cleanml,Airbnb,uniform,0.05,2,OK,True,{'Rating': 0.048366013071895426},,
cleanml,Airbnb,uniform,0.05,3,OK,True,{'Rating': 0.0563097033685269},,
cleanml,Airbnb,uniform,0.1,1,OK,True,{'Rating': 0.10105580693815988},,
cleanml,Airbnb,uniform,0.1,2,OK,True,{'Rating': 0.10236299648064354},,
cleanml,Airbnb,uniform,0.1,3,OK,True,{'Rating': 0.10920060331825038},,
cleanml,Airbnb,uniform,0.15,1,OK,True,{'Rating': 0.15123177476118652},,
cleanml,Airbnb,uniform,0.15,2,OK,True,{'Rating': 0.15434891905480141},,
cleanml,Airbnb,uniform,0.15,3,OK,True,{'Rating': 0.1576671694318753},,
cleanml,Airbnb,uniform,0.2,1,OK,True,{'Rating': 0.19929612870789343},,
cleanml,Airbnb,uniform,0.2,2,OK,True,{'Rating': 0.20261437908496732},,
cleanml,Airbnb,uniform,0.2,3,OK,True,{'Rating': 0.20462543991955756},,
cleanml,Airbnb,uniform,0.25,1,OK,True,{'Rating': 0.24856711915535445},,
cleanml,Airbnb,uniform,0.25,2,OK,True,{'Rating': 0.252991452991453},,
cleanml,Airbnb,uniform,0.25,3,OK,True,{'Rating': 0.25681246857717444},,
cleanml,Airbnb,class_conditional,0.05,1,OK,True,{'Rating': 0.049270990447461034},0.7537502884837295,cleanlab_estimated_fresh
cleanml,Airbnb,class_conditional,0.05,2,OK,True,{'Rating': 0.048768225238813474},0.7537502884837295,cleanlab_estimated_cached
cleanml,Airbnb,class_conditional,0.05,3,OK,True,{'Rating': 0.05701357466063348},0.7537502884837295,cleanlab_estimated_cached
cleanml,Airbnb,class_conditional,0.1,1,OK,True,{'Rating': 0.09944695827048768},0.7537502884837295,cleanlab_estimated_cached
cleanml,Airbnb,class_conditional,0.1,2,OK,True,{'Rating': 0.1035696329813977},0.7537502884837295,cleanlab_estimated_cached
cleanml,Airbnb,class_conditional,0.1,3,OK,True,{'Rating': 0.10829562594268477},0.7537502884837295,cleanlab_estimated_cached
cleanml,Airbnb,class_conditional,0.15,1,OK,True,{'Rating': 0.15093011563599798},0.7537502884837295,cleanlab_estimated_cached
cleanml,Airbnb,class_conditional,0.15,2,OK,True,{'Rating': 0.1526395173453997},0.7537502884837295,cleanlab_estimated_cached
cleanml,Airbnb,class_conditional,0.15,3,OK,True,{'Rating': 0.15696329813976873},0.7537502884837295,cleanlab_estimated_cached
cleanml,Airbnb,class_conditional,0.2,1,OK,True,{'Rating': 0.20130718954248367},0.7537502884837295,cleanlab_estimated_cached
cleanml,Airbnb,class_conditional,0.2,2,OK,True,{'Rating': 0.20221216691804927},0.7537502884837295,cleanlab_estimated_cached
cleanml,Airbnb,class_conditional,0.2,3,OK,True,{'Rating': 0.2066365007541478},0.7537502884837295,cleanlab_estimated_cached
cleanml,Airbnb,class_conditional,0.25,1,OK,True,{'Rating': 0.24846656611362494},0.7537502884837295,cleanlab_estimated_cached
cleanml,Airbnb,class_conditional,0.25,2,OK,True,{'Rating': 0.2512820512820513},0.7537502884837295,cleanlab_estimated_cached
cleanml,Airbnb,class_conditional,0.25,3,OK,True,{'Rating': 0.253192559074912},0.7537502884837295,cleanlab_estimated_cached
cleanml,EEG,uniform,0.05,1,OK,True,{'Eye': 0.05272525027808676},,
cleanml,EEG,uniform,0.05,2,OK,True,{'Eye': 0.04560622914349277},,
cleanml,EEG,uniform,0.05,3,OK,True,{'Eye': 0.0560622914349277},,
cleanml,EEG,uniform,0.1,1,OK,True,{'Eye': 0.1021134593993326},,
cleanml,EEG,uniform,0.1,2,OK,True,{'Eye': 0.09632925472747497},,
cleanml,EEG,uniform,0.1,3,OK,True,{'Eye': 0.11256952169076752},,
cleanml,EEG,uniform,0.15,1,OK,True,{'Eye': 0.15350389321468297},,
cleanml,EEG,uniform,0.15,2,OK,True,{'Eye': 0.15283648498331479},,
cleanml,EEG,uniform,0.15,3,OK,True,{'Eye': 0.16062291434927697},,
cleanml,EEG,uniform,0.2,1,OK,True,{'Eye': 0.2040044493882091},,
cleanml,EEG,uniform,0.2,2,OK,True,{'Eye': 0.20489432703003338},,
cleanml,EEG,uniform,0.2,3,OK,True,{'Eye': 0.20667408231368187},,
cleanml,EEG,uniform,0.25,1,OK,True,{'Eye': 0.2531701890989989},,
cleanml,EEG,uniform,0.25,2,OK,True,{'Eye': 0.25873192436040043},,
cleanml,EEG,uniform,0.25,3,OK,True,{'Eye': 0.25761957730812013},,
cleanml,EEG,class_conditional,0.05,1,OK,True,{'Eye': 0.05027808676307008},1.2729618163054695,cleanlab_estimated_fresh
cleanml,EEG,class_conditional,0.05,2,OK,True,{'Eye': 0.04605116796440489},1.2729618163054695,cleanlab_estimated_cached
cleanml,EEG,class_conditional,0.05,3,OK,True,{'Eye': 0.05628476084538376},1.2729618163054695,cleanlab_estimated_cached
cleanml,EEG,class_conditional,0.1,1,OK,True,{'Eye': 0.10189098998887652},1.2729618163054695,cleanlab_estimated_cached
cleanml,EEG,class_conditional,0.1,2,OK,True,{'Eye': 0.09655172413793103},1.2729618163054695,cleanlab_estimated_cached
cleanml,EEG,class_conditional,0.1,3,OK,True,{'Eye': 0.10967741935483871},1.2729618163054695,cleanlab_estimated_cached
cleanml,EEG,class_conditional,0.15,1,OK,True,{'Eye': 0.15595105672969967},1.2729618163054695,cleanlab_estimated_cached
cleanml,EEG,class_conditional,0.15,2,OK,True,{'Eye': 0.15305895439377085},1.2729618163054695,cleanlab_estimated_cached
cleanml,EEG,class_conditional,0.15,3,OK,True,{'Eye': 0.1610678531701891},1.2729618163054695,cleanlab_estimated_cached
cleanml,EEG,class_conditional,0.2,1,OK,True,{'Eye': 0.20667408231368187},1.2729618163054695,cleanlab_estimated_cached
cleanml,EEG,class_conditional,0.2,2,OK,True,{'Eye': 0.207119021134594},1.2729618163054695,cleanlab_estimated_cached
cleanml,EEG,class_conditional,0.2,3,OK,True,{'Eye': 0.20845383759733035},1.2729618163054695,cleanlab_estimated_cached
cleanml,EEG,class_conditional,0.25,1,OK,True,{'Eye': 0.25695216907675195},1.2729618163054695,cleanlab_estimated_cached
cleanml,EEG,class_conditional,0.25,2,OK,True,{'Eye': 0.2582869855394883},1.2729618163054695,cleanlab_estimated_cached
cleanml,EEG,class_conditional,0.25,3,OK,True,{'Eye': 0.25695216907675195},1.2729618163054695,cleanlab_estimated_cached
folktables,ACSIncome,uniform,0.05,1,OK,True,{'target': 0.050463302446503565},,
folktables,ACSIncome,uniform,0.05,2,OK,True,{'target': 0.04919672021865209},,
folktables,ACSIncome,uniform,0.05,3,OK,True,{'target': 0.053863075794947},,
folktables,ACSIncome,uniform,0.1,1,OK,True,{'target': 0.10132657822811812},,
folktables,ACSIncome,uniform,0.1,2,OK,True,{'target': 0.10339310712619158},,
folktables,ACSIncome,uniform,0.1,3,OK,True,{'target': 0.10579294713685754},,
folktables,ACSIncome,uniform,0.15,1,OK,True,{'target': 0.1514565695620292},,
folktables,ACSIncome,uniform,0.15,2,OK,True,{'target': 0.15298980067995466},,
folktables,ACSIncome,uniform,0.15,3,OK,True,{'target': 0.15512299180054662},,
folktables,ACSIncome,uniform,0.2,1,OK,True,{'target': 0.20118658756082927},,
folktables,ACSIncome,uniform,0.2,2,OK,True,{'target': 0.20091993867075528},,
folktables,ACSIncome,uniform,0.2,3,OK,True,{'target': 0.20251983201119925},,
folktables,ACSIncome,uniform,0.25,1,OK,True,{'target': 0.25104993000466636},,
folktables,ACSIncome,uniform,0.25,2,OK,True,{'target': 0.25051663222451837},,
folktables,ACSIncome,uniform,0.25,3,OK,True,{'target': 0.2544497033531098},,
folktables,ACSIncome,class_conditional,0.05,1,OK,True,{'target': 0.050396640223985066},1.3605817452357072,cleanlab_estimated_fresh
folktables,ACSIncome,class_conditional,0.05,2,OK,True,{'target': 0.0486634224385041},1.3605817452357072,cleanlab_estimated_cached
folktables,ACSIncome,class_conditional,0.05,3,OK,True,{'target': 0.05479634691020599},1.3605817452357072,cleanlab_estimated_cached
folktables,ACSIncome,class_conditional,0.1,1,OK,True,{'target': 0.10065995600293313},1.3605817452357072,cleanlab_estimated_cached
folktables,ACSIncome,class_conditional,0.1,2,OK,True,{'target': 0.10312645823611759},1.3605817452357072,cleanlab_estimated_cached
folktables,ACSIncome,class_conditional,0.1,3,OK,True,{'target': 0.10645956936204252},1.3605817452357072,cleanlab_estimated_cached
folktables,ACSIncome,class_conditional,0.15,1,OK,True,{'target': 0.15152323178454769},1.3605817452357072,cleanlab_estimated_cached
folktables,ACSIncome,class_conditional,0.15,2,OK,True,{'target': 0.15412305846276914},1.3605817452357072,cleanlab_estimated_cached
folktables,ACSIncome,class_conditional,0.15,3,OK,True,{'target': 0.15305646290247316},1.3605817452357072,cleanlab_estimated_cached
folktables,ACSIncome,class_conditional,0.2,1,OK,True,{'target': 0.20198653423105126},1.3605817452357072,cleanlab_estimated_cached
folktables,ACSIncome,class_conditional,0.2,2,OK,True,{'target': 0.20311979201386574},1.3605817452357072,cleanlab_estimated_cached
folktables,ACSIncome,class_conditional,0.2,3,OK,True,{'target': 0.20385307646156922},1.3605817452357072,cleanlab_estimated_cached
folktables,ACSIncome,class_conditional,0.25,1,OK,True,{'target': 0.25104993000466636},1.3605817452357072,cleanlab_estimated_cached
folktables,ACSIncome,class_conditional,0.25,2,OK,True,{'target': 0.25084994333711086},1.3605817452357072,cleanlab_estimated_cached
folktables,ACSIncome,class_conditional,0.25,3,OK,True,{'target': 0.25204986334244384},1.3605817452357072,cleanlab_estimated_cached
folktables,ACSPublicCoverage,uniform,0.05,1,OK,True,{'target': 0.05046666666666667},,
folktables,ACSPublicCoverage,uniform,0.05,2,OK,True,{'target': 0.0492},,
folktables,ACSPublicCoverage,uniform,0.05,3,OK,True,{'target': 0.0538},,
folktables,ACSPublicCoverage,uniform,0.1,1,OK,True,{'target': 0.10133333333333333},,
folktables,ACSPublicCoverage,uniform,0.1,2,OK,True,{'target': 0.1034},,
folktables,ACSPublicCoverage,uniform,0.1,3,OK,True,{'target': 0.10573333333333333},,
folktables,ACSPublicCoverage,uniform,0.15,1,OK,True,{'target': 0.15146666666666667},,
folktables,ACSPublicCoverage,uniform,0.15,2,OK,True,{'target': 0.153},,
folktables,ACSPublicCoverage,uniform,0.15,3,OK,True,{'target': 0.15506666666666666},,
folktables,ACSPublicCoverage,uniform,0.2,1,OK,True,{'target': 0.2012},,
folktables,ACSPublicCoverage,uniform,0.2,2,OK,True,{'target': 0.20093333333333332},,
folktables,ACSPublicCoverage,uniform,0.2,3,OK,True,{'target': 0.20246666666666666},,
folktables,ACSPublicCoverage,uniform,0.25,1,OK,True,{'target': 0.25106666666666666},,
folktables,ACSPublicCoverage,uniform,0.25,2,OK,True,{'target': 0.25053333333333333},,
folktables,ACSPublicCoverage,uniform,0.25,3,OK,True,{'target': 0.2544},,
folktables,ACSPublicCoverage,class_conditional,0.05,1,OK,True,{'target': 0.04986666666666666},0.6882776686313032,cleanlab_estimated_fresh
folktables,ACSPublicCoverage,class_conditional,0.05,2,OK,True,{'target': 0.050666666666666665},0.6882776686313032,cleanlab_estimated_cached
folktables,ACSPublicCoverage,class_conditional,0.05,3,OK,True,{'target': 0.0532},0.6882776686313032,cleanlab_estimated_cached
folktables,ACSPublicCoverage,class_conditional,0.1,1,OK,True,{'target': 0.10066666666666667},0.6882776686313032,cleanlab_estimated_cached
folktables,ACSPublicCoverage,class_conditional,0.1,2,OK,True,{'target': 0.10146666666666666},0.6882776686313032,cleanlab_estimated_cached
folktables,ACSPublicCoverage,class_conditional,0.1,3,OK,True,{'target': 0.1062},0.6882776686313032,cleanlab_estimated_cached
folktables,ACSPublicCoverage,class_conditional,0.15,1,OK,True,{'target': 0.1516},0.6882776686313032,cleanlab_estimated_cached
folktables,ACSPublicCoverage,class_conditional,0.15,2,OK,True,{'target': 0.15153333333333333},0.6882776686313032,cleanlab_estimated_cached
folktables,ACSPublicCoverage,class_conditional,0.15,3,OK,True,{'target': 0.15413333333333334},0.6882776686313032,cleanlab_estimated_cached
folktables,ACSPublicCoverage,class_conditional,0.2,1,OK,True,{'target': 0.20333333333333334},0.6882776686313032,cleanlab_estimated_cached
folktables,ACSPublicCoverage,class_conditional,0.2,2,OK,True,{'target': 0.20086666666666667},0.6882776686313032,cleanlab_estimated_cached
folktables,ACSPublicCoverage,class_conditional,0.2,3,OK,True,{'target': 0.20346666666666666},0.6882776686313032,cleanlab_estimated_cached
folktables,ACSPublicCoverage,class_conditional,0.25,1,OK,True,{'target': 0.2536},0.6882776686313032,cleanlab_estimated_cached
folktables,ACSPublicCoverage,class_conditional,0.25,2,OK,True,{'target': 0.2524666666666667},0.6882776686313032,cleanlab_estimated_cached
folktables,ACSPublicCoverage,class_conditional,0.25,3,OK,True,{'target': 0.2534},0.6882776686313032,cleanlab_estimated_cached
openml,MagicTelescope,uniform,0.05,1,OK,True,{'class:': 0.05011389521640091},,
openml,MagicTelescope,uniform,0.05,2,OK,True,{'class:': 0.04538286315051691},,
openml,MagicTelescope,uniform,0.05,3,OK,True,{'class:': 0.05747327842999825},,
openml,MagicTelescope,uniform,0.1,1,OK,True,{'class:': 0.10057823725249693},,
openml,MagicTelescope,uniform,0.1,2,OK,True,{'class:': 0.09497108813737515},,
openml,MagicTelescope,uniform,0.1,3,OK,True,{'class:': 0.11196775889258805},,
openml,MagicTelescope,uniform,0.15,1,OK,True,{'class:': 0.15261958997722094},,
openml,MagicTelescope,uniform,0.15,2,OK,True,{'class:': 0.14981601541966005},,
openml,MagicTelescope,uniform,0.15,3,OK,True,{'class:': 0.15980374978097073},,
openml,MagicTelescope,uniform,0.2,1,OK,True,{'class:': 0.2018573681443841},,
openml,MagicTelescope,uniform,0.2,2,OK,True,{'class:': 0.20150692132468898},,
openml,MagicTelescope,uniform,0.2,3,OK,True,{'class:': 0.20483616611179253},,
openml,MagicTelescope,uniform,0.25,1,OK,True,{'class:': 0.24951813562291922},,
openml,MagicTelescope,uniform,0.25,2,OK,True,{'class:': 0.25459961450849833},,
openml,MagicTelescope,uniform,0.25,3,OK,True,{'class:': 0.2558261783774312},,
openml,MagicTelescope,class_conditional,0.05,1,OK,True,{'class:': 0.047660767478535135},0.7504378283712785,cleanlab_estimated_fresh
openml,MagicTelescope,class_conditional,0.05,2,OK,True,{'class:': 0.045908533380059575},0.7504378283712785,cleanlab_estimated_cached
openml,MagicTelescope,class_conditional,0.05,3,OK,True,{'class:': 0.05922551252847381},0.7504378283712785,cleanlab_estimated_cached
openml,MagicTelescope,class_conditional,0.1,1,OK,True,{'class:': 0.10162957771158226},0.7504378283712785,cleanlab_estimated_cached
openml,MagicTelescope,class_conditional,0.1,2,OK,True,{'class:': 0.09567198177676538},0.7504378283712785,cleanlab_estimated_cached
openml,MagicTelescope,class_conditional,0.1,3,OK,True,{'class:': 0.10916418433502716},0.7504378283712785,cleanlab_estimated_cached
openml,MagicTelescope,class_conditional,0.15,1,OK,True,{'class:': 0.1533204836166112},0.7504378283712785,cleanlab_estimated_cached
openml,MagicTelescope,class_conditional,0.15,2,OK,True,{'class:': 0.14946556859996496},0.7504378283712785,cleanlab_estimated_cached
openml,MagicTelescope,class_conditional,0.15,3,OK,True,{'class:': 0.15822673909234275},0.7504378283712785,cleanlab_estimated_cached
openml,MagicTelescope,class_conditional,0.2,1,OK,True,{'class:': 0.2006308042754512},0.7504378283712785,cleanlab_estimated_cached
openml,MagicTelescope,class_conditional,0.2,2,OK,True,{'class:': 0.19975468722621342},0.7504378283712785,cleanlab_estimated_cached
openml,MagicTelescope,class_conditional,0.2,3,OK,True,{'class:': 0.206237953390573},0.7504378283712785,cleanlab_estimated_cached
openml,MagicTelescope,class_conditional,0.25,1,OK,True,{'class:': 0.25424916768880323},0.7504378283712785,cleanlab_estimated_cached
openml,MagicTelescope,class_conditional,0.25,2,OK,True,{'class:': 0.253548274049413},0.7504378283712785,cleanlab_estimated_cached
openml,MagicTelescope,class_conditional,0.25,3,OK,True,{'class:': 0.25687751883651655},0.7504378283712785,cleanlab_estimated_cached
openml,bank-marketing,uniform,0.05,1,OK,True,{'Class': 0.051091123562370985},,
openml,bank-marketing,uniform,0.05,2,OK,True,{'Class': 0.049248009436744324},,
openml,bank-marketing,uniform,0.05,3,OK,True,{'Class': 0.05404010616337364},,
openml,bank-marketing,uniform,0.1,1,OK,True,{'Class': 0.10085520495429078},,
openml,bank-marketing,uniform,0.1,2,OK,True,{'Class': 0.10350928929519315},,
openml,bank-marketing,uniform,0.1,3,OK,True,{'Class': 0.10586847537599528},,
openml,bank-marketing,uniform,0.15,1,OK,True,{'Class': 0.15113535830138602},,
openml,bank-marketing,uniform,0.15,2,OK,True,{'Class': 0.15393689177233855},,
openml,bank-marketing,uniform,0.15,3,OK,True,{'Class': 0.1553376585078148},,
openml,bank-marketing,uniform,0.2,1,OK,True,{'Class': 0.20038336773813034},,
openml,bank-marketing,uniform,0.2,2,OK,True,{'Class': 0.202226481863757},,
openml,bank-marketing,uniform,0.2,3,OK,True,{'Class': 0.20421704511943378},,
openml,bank-marketing,uniform,0.25,1,OK,True,{'Class': 0.24941020347979947},,
openml,bank-marketing,uniform,0.25,2,OK,True,{'Class': 0.25103214391035095},,
openml,bank-marketing,uniform,0.25,3,OK,True,{'Class': 0.2553081686818048},,
openml,bank-marketing,class_conditional,0.05,1,OK,True,{'Class': 0.05013270421704512},3.329002079002079,cleanlab_estimated_fresh
openml,bank-marketing,class_conditional,0.05,2,OK,True,{'Class': 0.04895311117664406},3.329002079002079,cleanlab_estimated_cached
openml,bank-marketing,class_conditional,0.05,3,OK,True,{'Class': 0.0549985255086995},3.329002079002079,cleanlab_estimated_cached
openml,bank-marketing,class_conditional,0.1,1,OK,True,{'Class': 0.09997051017398997},3.329002079002079,cleanlab_estimated_cached
openml,bank-marketing,class_conditional,0.1,2,OK,True,{'Class': 0.10358301386021823},3.329002079002079,cleanlab_estimated_cached
openml,bank-marketing,class_conditional,0.1,3,OK,True,{'Class': 0.10616337363609554},3.329002079002079,cleanlab_estimated_cached
openml,bank-marketing,class_conditional,0.15,1,OK,True,{'Class': 0.1520200530816868},3.329002079002079,cleanlab_estimated_cached
openml,bank-marketing,class_conditional,0.15,2,OK,True,{'Class': 0.15474786198761428},3.329002079002079,cleanlab_estimated_cached
openml,bank-marketing,class_conditional,0.15,3,OK,True,{'Class': 0.15504276024771455},3.329002079002079,cleanlab_estimated_cached
openml,bank-marketing,class_conditional,0.2,1,OK,True,{'Class': 0.20053081686818047},3.329002079002079,cleanlab_estimated_cached
openml,bank-marketing,class_conditional,0.2,2,OK,True,{'Class': 0.2037746977292834},3.329002079002079,cleanlab_estimated_cached
openml,bank-marketing,class_conditional,0.2,3,OK,True,{'Class': 0.20524918902978473},3.329002079002079,cleanlab_estimated_cached
openml,bank-marketing,class_conditional,0.25,1,OK,True,{'Class': 0.25036862282512534},3.329002079002079,cleanlab_estimated_cached
openml,bank-marketing,class_conditional,0.25,2,OK,True,{'Class': 0.2529489826010027},3.329002079002079,cleanlab_estimated_cached
openml,bank-marketing,class_conditional,0.25,3,OK,True,{'Class': 0.25265408434090236},3.329002079002079,cleanlab_estimated_cached
openml,churn,uniform,0.05,1,OK,True,{'class': 0.04730179880079947},,
openml,churn,uniform,0.05,2,OK,True,{'class': 0.04197201865423051},,
openml,churn,uniform,0.05,3,OK,True,{'class': 0.047968021319120584},,
openml,churn,uniform,0.1,1,OK,True,{'class': 0.09260493004663557},,
openml,churn,uniform,0.1,2,OK,True,{'class': 0.08527648234510327},,
openml,churn,uniform,0.1,3,OK,True,{'class': 0.10459693537641572},,
openml,churn,uniform,0.15,1,OK,True,{'class': 0.14057295136575615},,
openml,churn,uniform,0.15,2,OK,True,{'class': 0.14457028647568287},,
openml,churn,uniform,0.15,3,OK,True,{'class': 0.15656229180546302},,
openml,churn,uniform,0.2,1,OK,True,{'class': 0.18654230512991338},,
openml,churn,uniform,0.2,2,OK,True,{'class': 0.2005329780146569},,
openml,churn,uniform,0.2,3,OK,True,{'class': 0.20586275816122585},,
openml,churn,uniform,0.25,1,OK,True,{'class': 0.24250499666888742},,
openml,churn,uniform,0.25,2,OK,True,{'class': 0.25383077948034644},,
openml,churn,uniform,0.25,3,OK,True,{'class': 0.2498334443704197},,
openml,churn,class_conditional,0.05,1,OK,True,{'class': 0.04863424383744171},2.081081081081081,cleanlab_estimated_fresh
openml,churn,class_conditional,0.05,2,OK,True,{'class': 0.04263824117255163},2.081081081081081,cleanlab_estimated_cached
openml,churn,class_conditional,0.05,3,OK,True,{'class': 0.049966688874083946},2.081081081081081,cleanlab_estimated_cached
openml,churn,class_conditional,0.1,1,OK,True,{'class': 0.0899400399733511},2.081081081081081,cleanlab_estimated_cached
openml,churn,class_conditional,0.1,2,OK,True,{'class': 0.08527648234510327},2.081081081081081,cleanlab_estimated_cached
openml,churn,class_conditional,0.1,3,OK,True,{'class': 0.10459693537641572},2.081081081081081,cleanlab_estimated_cached
openml,churn,class_conditional,0.15,1,OK,True,{'class': 0.14123917388407728},2.081081081081081,cleanlab_estimated_cached
openml,churn,class_conditional,0.15,2,OK,True,{'class': 0.1485676215856096},2.081081081081081,cleanlab_estimated_cached
openml,churn,class_conditional,0.15,3,OK,True,{'class': 0.15456362425049966},2.081081081081081,cleanlab_estimated_cached
openml,churn,class_conditional,0.2,1,OK,True,{'class': 0.19453697534976683},2.081081081081081,cleanlab_estimated_cached
openml,churn,class_conditional,0.2,2,OK,True,{'class': 0.20186542305129915},2.081081081081081,cleanlab_estimated_cached
openml,churn,class_conditional,0.2,3,OK,True,{'class': 0.20719520319786808},2.081081081081081,cleanlab_estimated_cached
openml,churn,class_conditional,0.25,1,OK,True,{'class': 0.2418387741505663},2.081081081081081,cleanlab_estimated_cached
openml,churn,class_conditional,0.25,2,OK,True,{'class': 0.26115922718187873},2.081081081081081,cleanlab_estimated_cached
openml,churn,class_conditional,0.25,3,OK,True,{'class': 0.2504996668887408},2.081081081081081,cleanlab_estimated_cached
openml,electricity,uniform,0.05,1,OK,True,{'class': 0.05112173593232806},,
openml,electricity,uniform,0.05,2,OK,True,{'class': 0.04913571165869805},,
openml,electricity,uniform,0.05,3,OK,True,{'class': 0.05399043766090474},,
openml,electricity,uniform,0.1,1,OK,True,{'class': 0.10091945568223612},,
openml,electricity,uniform,0.1,2,OK,True,{'class': 0.10342037513791835},,
openml,electricity,uniform,0.1,3,OK,True,{'class': 0.10577418168444282},,
openml,electricity,uniform,0.15,1,OK,True,{'class': 0.15137918352335417},,
openml,electricity,uniform,0.15,2,OK,True,{'class': 0.15380654652445752},,
openml,electricity,uniform,0.15,3,OK,True,{'class': 0.15513056270687753},,
openml,electricity,uniform,0.2,1,OK,True,{'class': 0.2007355645457889},,
openml,electricity,uniform,0.2,2,OK,True,{'class': 0.20220669363736668},,
openml,electricity,uniform,0.2,3,OK,True,{'class': 0.2040456050018389},,
openml,electricity,uniform,0.25,1,OK,True,{'class': 0.24979771974990805},,
openml,electricity,uniform,0.25,2,OK,True,{'class': 0.25119529238690697},,
openml,electricity,uniform,0.25,3,OK,True,{'class': 0.25524089738874584},,
openml,electricity,class_conditional,0.05,1,OK,True,{'class': 0.05053328429569695},0.6212458286985539,cleanlab_estimated_fresh
openml,electricity,class_conditional,0.05,2,OK,True,{'class': 0.05045972784111806},0.6212458286985539,cleanlab_estimated_cached
openml,electricity,class_conditional,0.05,3,OK,True,{'class': 0.05354909893343141},0.6212458286985539,cleanlab_estimated_cached
openml,electricity,class_conditional,0.1,1,OK,True,{'class': 0.10136079440970945},0.6212458286985539,cleanlab_estimated_cached
openml,electricity,class_conditional,0.1,2,OK,True,{'class': 0.10224347186465613},0.6212458286985539,cleanlab_estimated_cached
openml,electricity,class_conditional,0.1,3,OK,True,{'class': 0.10496506068407503},0.6212458286985539,cleanlab_estimated_cached
openml,electricity,class_conditional,0.15,1,OK,True,{'class': 0.15145273997793307},0.6212458286985539,cleanlab_estimated_cached
openml,electricity,class_conditional,0.15,2,OK,True,{'class': 0.15027583670467085},0.6212458286985539,cleanlab_estimated_cached
openml,electricity,class_conditional,0.15,3,OK,True,{'class': 0.15630746598013975},0.6212458286985539,cleanlab_estimated_cached
openml,electricity,class_conditional,0.2,1,OK,True,{'class': 0.20242736300110334},0.6212458286985539,cleanlab_estimated_cached
openml,electricity,class_conditional,0.2,2,OK,True,{'class': 0.2013975726369989},0.6212458286985539,cleanlab_estimated_cached
openml,electricity,class_conditional,0.2,3,OK,True,{'class': 0.20522250827510113},0.6212458286985539,cleanlab_estimated_cached
openml,electricity,class_conditional,0.25,1,OK,True,{'class': 0.25023905847738137},0.6212458286985539,cleanlab_estimated_cached
openml,electricity,class_conditional,0.25,2,OK,True,{'class': 0.25406399411548364},0.6212458286985539,cleanlab_estimated_cached
openml,electricity,class_conditional,0.25,3,OK,True,{'class': 0.2517101875689592},0.6212458286985539,cleanlab_estimated_cached
openml,heloc,uniform,0.05,1,OK,True,{'RiskPerformance': 0.052581261950286805},,
openml,heloc,uniform,0.05,2,OK,True,{'RiskPerformance': 0.04365838113448056},,
openml,heloc,uniform,0.05,3,OK,True,{'RiskPerformance': 0.05449330783938815},,
openml,heloc,uniform,0.1,1,OK,True,{'RiskPerformance': 0.10006373486297004},,
openml,heloc,uniform,0.1,2,OK,True,{'RiskPerformance': 0.09369024856596558},,
openml,heloc,uniform,0.1,3,OK,True,{'RiskPerformance': 0.11536010197578075},,
openml,heloc,uniform,0.15,1,OK,True,{'RiskPerformance': 0.1532823454429573},,
openml,heloc,uniform,0.15,2,OK,True,{'RiskPerformance': 0.15105162523900573},,
openml,heloc,uniform,0.15,3,OK,True,{'RiskPerformance': 0.16507329509241556},,
openml,heloc,uniform,0.2,1,OK,True,{'RiskPerformance': 0.20363288718929254},,
openml,heloc,uniform,0.2,2,OK,True,{'RiskPerformance': 0.20490758444869345},,
openml,heloc,uniform,0.2,3,OK,True,{'RiskPerformance': 0.20936902485659656},,
openml,heloc,uniform,0.25,1,OK,True,{'RiskPerformance': 0.2555768005098789},,
openml,heloc,uniform,0.25,2,OK,True,{'RiskPerformance': 0.26131293817718293},,
openml,heloc,uniform,0.25,3,OK,True,{'RiskPerformance': 0.26003824091778205},,
openml,heloc,class_conditional,0.05,1,OK,True,{'RiskPerformance': 0.05417463352453792},0.8849252013808976,cleanlab_estimated_fresh
openml,heloc,class_conditional,0.05,2,OK,True,{'RiskPerformance': 0.042702358189929894},0.8849252013808976,cleanlab_estimated_cached
openml,heloc,class_conditional,0.05,3,OK,True,{'RiskPerformance': 0.05417463352453792},0.8849252013808976,cleanlab_estimated_cached
openml,heloc,class_conditional,0.1,1,OK,True,{'RiskPerformance': 0.10101975780752072},0.8849252013808976,cleanlab_estimated_cached
openml,heloc,class_conditional,0.1,2,OK,True,{'RiskPerformance': 0.09337157425111536},0.8849252013808976,cleanlab_estimated_cached
openml,heloc,class_conditional,0.1,3,OK,True,{'RiskPerformance': 0.1147227533460803},0.8849252013808976,cleanlab_estimated_cached
openml,heloc,class_conditional,0.15,1,OK,True,{'RiskPerformance': 0.15487571701720843},0.8849252013808976,cleanlab_estimated_cached
openml,heloc,class_conditional,0.15,2,OK,True,{'RiskPerformance': 0.15137029955385595},0.8849252013808976,cleanlab_estimated_cached
openml,heloc,class_conditional,0.15,3,OK,True,{'RiskPerformance': 0.16188655194391333},0.8849252013808976,cleanlab_estimated_cached
openml,heloc,class_conditional,0.2,1,OK,True,{'RiskPerformance': 0.20427023581899298},0.8849252013808976,cleanlab_estimated_cached
openml,heloc,class_conditional,0.2,2,OK,True,{'RiskPerformance': 0.20650095602294455},0.8849252013808976,cleanlab_estimated_cached
openml,heloc,class_conditional,0.2,3,OK,True,{'RiskPerformance': 0.20873167622689612},0.8849252013808976,cleanlab_estimated_cached
openml,heloc,class_conditional,0.25,1,OK,True,{'RiskPerformance': 0.25780752071383045},0.8849252013808976,cleanlab_estimated_cached
openml,heloc,class_conditional,0.25,2,OK,True,{'RiskPerformance': 0.2606755895474825},0.8849252013808976,cleanlab_estimated_cached
openml,heloc,class_conditional,0.25,3,OK,True,{'RiskPerformance': 0.26003824091778205},0.8849252013808976,cleanlab_estimated_cached
openml,jm1,uniform,0.05,1,OK,True,{'defects': 0.05296999387630129},,
openml,jm1,uniform,0.05,2,OK,True,{'defects': 0.04378444580526638},,
openml,jm1,uniform,0.05,3,OK,True,{'defects': 0.054500918554807105},,
openml,jm1,uniform,0.1,1,OK,True,{'defects': 0.10134721371708512},,
openml,jm1,uniform,0.1,2,OK,True,{'defects': 0.09338640538885487},,
openml,jm1,uniform,0.1,3,OK,True,{'defects': 0.1157379056950398},,
openml,jm1,uniform,0.15,1,OK,True,{'defects': 0.15492957746478872},,
openml,jm1,uniform,0.15,2,OK,True,{'defects': 0.14972443355786896},,
openml,jm1,uniform,0.15,3,OK,True,{'defects': 0.16564605021432946},,
openml,jm1,uniform,0.2,1,OK,True,{'defects': 0.20606246172688303},,
openml,jm1,uniform,0.2,2,OK,True,{'defects': 0.20361298224127372},,
openml,jm1,uniform,0.2,3,OK,True,{'defects': 0.209736680955297},,
openml,jm1,uniform,0.25,1,OK,True,{'defects': 0.2575015309246785},,
openml,jm1,uniform,0.25,2,OK,True,{'defects': 0.2608695652173913},,
openml,jm1,uniform,0.25,3,OK,True,{'defects': 0.26025719534598896},,
openml,jm1,class_conditional,0.05,1,OK,True,{'defects': 0.051745254133496635},1.319484240687679,cleanlab_estimated_fresh
openml,jm1,class_conditional,0.05,2,OK,True,{'defects': 0.04286589099816289},1.319484240687679,cleanlab_estimated_cached
openml,jm1,class_conditional,0.05,3,OK,True,{'defects': 0.05480710349050827},1.319484240687679,cleanlab_estimated_cached
openml,jm1,class_conditional,0.1,1,OK,True,{'defects': 0.09889773423147581},1.319484240687679,cleanlab_estimated_cached
openml,jm1,class_conditional,0.1,2,OK,True,{'defects': 0.09277403551745254},1.319484240687679,cleanlab_estimated_cached
openml,jm1,class_conditional,0.1,3,OK,True,{'defects': 0.11512553582363748},1.319484240687679,cleanlab_estimated_cached
openml,jm1,class_conditional,0.15,1,OK,True,{'defects': 0.15401102265768524},1.319484240687679,cleanlab_estimated_cached
openml,jm1,class_conditional,0.15,2,OK,True,{'defects': 0.15064298836497245},1.319484240687679,cleanlab_estimated_cached
openml,jm1,class_conditional,0.15,3,OK,True,{'defects': 0.16595223515003063},1.319484240687679,cleanlab_estimated_cached
openml,jm1,class_conditional,0.2,1,OK,True,{'defects': 0.2088181261481935},1.319484240687679,cleanlab_estimated_cached
openml,jm1,class_conditional,0.2,2,OK,True,{'defects': 0.20361298224127372},1.319484240687679,cleanlab_estimated_cached
openml,jm1,class_conditional,0.2,3,OK,True,{'defects': 0.2112676056338028},1.319484240687679,cleanlab_estimated_cached
openml,jm1,class_conditional,0.25,1,OK,True,{'defects': 0.26025719534598896},1.319484240687679,cleanlab_estimated_cached
openml,jm1,class_conditional,0.25,2,OK,True,{'defects': 0.26025719534598896},1.319484240687679,cleanlab_estimated_cached
openml,jm1,class_conditional,0.25,3,OK,True,{'defects': 0.2575015309246785},1.319484240687679,cleanlab_estimated_cached
openml,kick,uniform,0.05,1,OK,True,{'IsBadBuy': 0.050463302446503565},,
openml,kick,uniform,0.05,2,OK,True,{'IsBadBuy': 0.04919672021865209},,
openml,kick,uniform,0.05,3,OK,True,{'IsBadBuy': 0.053863075794947},,
openml,kick,uniform,0.1,1,OK,True,{'IsBadBuy': 0.10132657822811812},,
openml,kick,uniform,0.1,2,OK,True,{'IsBadBuy': 0.10339310712619158},,
openml,kick,uniform,0.1,3,OK,True,{'IsBadBuy': 0.10579294713685754},,
openml,kick,uniform,0.15,1,OK,True,{'IsBadBuy': 0.1514565695620292},,
openml,kick,uniform,0.15,2,OK,True,{'IsBadBuy': 0.15298980067995466},,
openml,kick,uniform,0.15,3,OK,True,{'IsBadBuy': 0.15512299180054662},,
openml,kick,uniform,0.2,1,OK,True,{'IsBadBuy': 0.20118658756082927},,
openml,kick,uniform,0.2,2,OK,True,{'IsBadBuy': 0.20091993867075528},,
openml,kick,uniform,0.2,3,OK,True,{'IsBadBuy': 0.20251983201119925},,
openml,kick,uniform,0.25,1,OK,True,{'IsBadBuy': 0.25104993000466636},,
openml,kick,uniform,0.25,2,OK,True,{'IsBadBuy': 0.25051663222451837},,
openml,kick,uniform,0.25,3,OK,True,{'IsBadBuy': 0.2544497033531098},,
openml,kick,class_conditional,0.05,1,OK,True,{'IsBadBuy': 0.050929938004133056},3.6696854146806483,cleanlab_estimated_fresh
openml,kick,class_conditional,0.05,2,OK,True,{'IsBadBuy': 0.04899673355109659},3.6696854146806483,cleanlab_estimated_cached
openml,kick,class_conditional,0.05,3,OK,True,{'IsBadBuy': 0.05459636024265049},3.6696854146806483,cleanlab_estimated_cached
openml,kick,class_conditional,0.1,1,OK,True,{'IsBadBuy': 0.10039330711285914},3.6696854146806483,cleanlab_estimated_cached
openml,kick,class_conditional,0.1,2,OK,True,{'IsBadBuy': 0.10345976934871008},3.6696854146806483,cleanlab_estimated_cached
openml,kick,class_conditional,0.1,3,OK,True,{'IsBadBuy': 0.10519298713419105},3.6696854146806483,cleanlab_estimated_cached
openml,kick,class_conditional,0.15,1,OK,True,{'IsBadBuy': 0.15205652956469567},3.6696854146806483,cleanlab_estimated_cached
openml,kick,class_conditional,0.15,2,OK,True,{'IsBadBuy': 0.15318978734751015},3.6696854146806483,cleanlab_estimated_cached
openml,kick,class_conditional,0.15,3,OK,True,{'IsBadBuy': 0.15398973401773214},3.6696854146806483,cleanlab_estimated_cached
openml,kick,class_conditional,0.2,1,OK,True,{'IsBadBuy': 0.20078661422571828},3.6696854146806483,cleanlab_estimated_cached
openml,kick,class_conditional,0.2,2,OK,True,{'IsBadBuy': 0.20171988534097726},3.6696854146806483,cleanlab_estimated_cached
openml,kick,class_conditional,0.2,3,OK,True,{'IsBadBuy': 0.2053196453569762},3.6696854146806483,cleanlab_estimated_cached
openml,kick,class_conditional,0.25,1,OK,True,{'IsBadBuy': 0.2501166588894074},3.6696854146806483,cleanlab_estimated_cached
openml,kick,class_conditional,0.25,2,OK,True,{'IsBadBuy': 0.25164989000733284},3.6696854146806483,cleanlab_estimated_cached
openml,kick,class_conditional,0.25,3,OK,True,{'IsBadBuy': 0.25171655222985134},3.6696854146806483,cleanlab_estimated_cached
openml,phoneme,uniform,0.05,1,OK,True,{'Class': 0.0499383477188656},,
openml,phoneme,uniform,0.05,2,OK,True,{'Class': 0.04500616522811344},,
openml,phoneme,uniform,0.05,3,OK,True,{'Class': 0.04932182490752158},,
openml,phoneme,uniform,0.1,1,OK,True,{'Class': 0.0967940813810111},,
openml,phoneme,uniform,0.1,2,OK,True,{'Class': 0.08877928483353884},,
openml,phoneme,uniform,0.1,3,OK,True,{'Class': 0.1029593094944513},,
openml,phoneme,uniform,0.15,1,OK,True,{'Class': 0.14488286066584463},,
openml,phoneme,uniform,0.15,2,OK,True,{'Class': 0.1498150431565968},,
openml,phoneme,uniform,0.15,3,OK,True,{'Class': 0.155980271270037},,
openml,phoneme,uniform,0.2,1,OK,True,{'Class': 0.19235511713933415},,
openml,phoneme,uniform,0.2,2,OK,True,{'Class': 0.2059186189889026},,
openml,phoneme,uniform,0.2,3,OK,True,{'Class': 0.2059186189889026},,
openml,phoneme,uniform,0.25,1,OK,True,{'Class': 0.2466091245376079},,
openml,phoneme,uniform,0.25,2,OK,True,{'Class': 0.2595561035758323},,
openml,phoneme,uniform,0.25,3,OK,True,{'Class': 0.24907521578298397},,
openml,phoneme,class_conditional,0.05,1,OK,True,{'Class': 0.0468557336621455},2.3349056603773586,cleanlab_estimated_fresh
openml,phoneme,class_conditional,0.05,2,OK,True,{'Class': 0.04932182490752158},2.3349056603773586,cleanlab_estimated_cached
openml,phoneme,class_conditional,0.05,3,OK,True,{'Class': 0.05363748458692972},2.3349056603773586,cleanlab_estimated_cached
openml,phoneme,class_conditional,0.1,1,OK,True,{'Class': 0.09186189889025893},2.3349056603773586,cleanlab_estimated_cached
openml,phoneme,class_conditional,0.1,2,OK,True,{'Class': 0.09186189889025893},2.3349056603773586,cleanlab_estimated_cached
openml,phoneme,class_conditional,0.1,3,OK,True,{'Class': 0.10110974106041924},2.3349056603773586,cleanlab_estimated_cached
openml,phoneme,class_conditional,0.15,1,OK,True,{'Class': 0.14303329223181258},2.3349056603773586,cleanlab_estimated_cached
openml,phoneme,class_conditional,0.15,2,OK,True,{'Class': 0.1461159062885327},2.3349056603773586,cleanlab_estimated_cached
openml,phoneme,class_conditional,0.15,3,OK,True,{'Class': 0.1498150431565968},2.3349056603773586,cleanlab_estimated_cached
openml,phoneme,class_conditional,0.2,1,OK,True,{'Class': 0.19913686806411837},2.3349056603773586,cleanlab_estimated_cached
openml,phoneme,class_conditional,0.2,2,OK,True,{'Class': 0.20406905055487054},2.3349056603773586,cleanlab_estimated_cached
openml,phoneme,class_conditional,0.2,3,OK,True,{'Class': 0.19852034525277434},2.3349056603773586,cleanlab_estimated_cached
openml,phoneme,class_conditional,0.25,1,OK,True,{'Class': 0.2533908754623921},2.3349056603773586,cleanlab_estimated_cached
openml,phoneme,class_conditional,0.25,2,OK,True,{'Class': 0.26078914919852036},2.3349056603773586,cleanlab_estimated_cached
openml,phoneme,class_conditional,0.25,3,OK,True,{'Class': 0.24537607891491986},2.3349056603773586,cleanlab_estimated_cached
openml,road-safety,uniform,0.05,1,OK,True,{'Sex_of_Driver': 0.050463302446503565},,
openml,road-safety,uniform,0.05,2,OK,True,{'Sex_of_Driver': 0.04919672021865209},,
openml,road-safety,uniform,0.05,3,OK,True,{'Sex_of_Driver': 0.053863075794947},,
openml,road-safety,uniform,0.1,1,OK,True,{'Sex_of_Driver': 0.10132657822811812},,
openml,road-safety,uniform,0.1,2,OK,True,{'Sex_of_Driver': 0.10339310712619158},,
openml,road-safety,uniform,0.1,3,OK,True,{'Sex_of_Driver': 0.10579294713685754},,
openml,road-safety,uniform,0.15,1,OK,True,{'Sex_of_Driver': 0.1514565695620292},,
openml,road-safety,uniform,0.15,2,OK,True,{'Sex_of_Driver': 0.15298980067995466},,
openml,road-safety,uniform,0.15,3,OK,True,{'Sex_of_Driver': 0.15512299180054662},,
openml,road-safety,uniform,0.2,1,OK,True,{'Sex_of_Driver': 0.20118658756082927},,
openml,road-safety,uniform,0.2,2,OK,True,{'Sex_of_Driver': 0.20091993867075528},,
openml,road-safety,uniform,0.2,3,OK,True,{'Sex_of_Driver': 0.20251983201119925},,
openml,road-safety,uniform,0.25,1,OK,True,{'Sex_of_Driver': 0.25104993000466636},,
openml,road-safety,uniform,0.25,2,OK,True,{'Sex_of_Driver': 0.25051663222451837},,
openml,road-safety,uniform,0.25,3,OK,True,{'Sex_of_Driver': 0.2544497033531098},,
openml,road-safety,class_conditional,0.05,1,OK,True,{'Sex_of_Driver': 0.050396640223985066},1.4064923872450446,cleanlab_estimated_fresh
openml,road-safety,class_conditional,0.05,2,OK,True,{'Sex_of_Driver': 0.0486634224385041},1.4064923872450446,cleanlab_estimated_cached
openml,road-safety,class_conditional,0.05,3,OK,True,{'Sex_of_Driver': 0.05479634691020599},1.4064923872450446,cleanlab_estimated_cached
openml,road-safety,class_conditional,0.1,1,OK,True,{'Sex_of_Driver': 0.10045996933537764},1.4064923872450446,cleanlab_estimated_cached
openml,road-safety,class_conditional,0.1,2,OK,True,{'Sex_of_Driver': 0.10385974268382107},1.4064923872450446,cleanlab_estimated_cached
openml,road-safety,class_conditional,0.1,3,OK,True,{'Sex_of_Driver': 0.10499300046663555},1.4064923872450446,cleanlab_estimated_cached
openml,road-safety,class_conditional,0.15,1,OK,True,{'Sex_of_Driver': 0.15238984067728817},1.4064923872450446,cleanlab_estimated_cached
openml,road-safety,class_conditional,0.15,2,OK,True,{'Sex_of_Driver': 0.15452303179788013},1.4064923872450446,cleanlab_estimated_cached
openml,road-safety,class_conditional,0.15,3,OK,True,{'Sex_of_Driver': 0.15425638290780613},1.4064923872450446,cleanlab_estimated_cached
openml,road-safety,class_conditional,0.2,1,OK,True,{'Sex_of_Driver': 0.20138657422838477},1.4064923872450446,cleanlab_estimated_cached
openml,road-safety,class_conditional,0.2,2,OK,True,{'Sex_of_Driver': 0.20218652089860675},1.4064923872450446,cleanlab_estimated_cached
openml,road-safety,class_conditional,0.2,3,OK,True,{'Sex_of_Driver': 0.20425304979668021},1.4064923872450446,cleanlab_estimated_cached
openml,road-safety,class_conditional,0.25,1,OK,True,{'Sex_of_Driver': 0.25084994333711086},1.4064923872450446,cleanlab_estimated_cached
openml,road-safety,class_conditional,0.25,2,OK,True,{'Sex_of_Driver': 0.25104993000466636},1.4064923872450446,cleanlab_estimated_cached
openml,road-safety,class_conditional,0.25,3,OK,True,{'Sex_of_Driver': 0.25164989000733284},1.4064923872450446,cleanlab_estimated_cached
tableshift,assistments,uniform,0.05,1,OK,True,{'correct': 0.04932675643247567},,
tableshift,assistments,uniform,0.05,2,OK,True,{'correct': 0.045593920810558596},,
tableshift,assistments,uniform,0.05,3,OK,True,{'correct': 0.056125849886681775},,
tableshift,assistments,uniform,0.1,1,OK,True,{'correct': 0.09998666844420744},,
tableshift,assistments,uniform,0.1,2,OK,True,{'correct': 0.09838688174910012},,
tableshift,assistments,uniform,0.1,3,OK,True,{'correct': 0.10945207305692574},,
tableshift,assistments,uniform,0.15,1,OK,True,{'correct': 0.14904679376083188},,
tableshift,assistments,uniform,0.15,2,OK,True,{'correct': 0.15264631382482335},,
tableshift,assistments,uniform,0.15,3,OK,True,{'correct': 0.1571790427942941},,
tableshift,assistments,uniform,0.2,1,OK,True,{'correct': 0.1973070257299027},,
tableshift,assistments,uniform,0.2,2,OK,True,{'correct': 0.2027729636048527},,
tableshift,assistments,uniform,0.2,3,OK,True,{'correct': 0.20397280362618317},,
tableshift,assistments,uniform,0.25,1,OK,True,{'correct': 0.24556725769897347},,
tableshift,assistments,uniform,0.25,2,OK,True,{'correct': 0.2540994534062125},,
tableshift,assistments,uniform,0.25,3,OK,True,{'correct': 0.25623250233302225},,
tableshift,assistments,class_conditional,0.05,1,OK,True,{'correct': 0.04852686308492201},0.693716670530953,cleanlab_estimated_fresh
tableshift,assistments,class_conditional,0.05,2,OK,True,{'correct': 0.04626049860018664},0.693716670530953,cleanlab_estimated_cached
tableshift,assistments,class_conditional,0.05,3,OK,True,{'correct': 0.05692574323423544},0.693716670530953,cleanlab_estimated_cached
tableshift,assistments,class_conditional,0.1,1,OK,True,{'correct': 0.09958672177043061},0.693716670530953,cleanlab_estimated_cached
tableshift,assistments,class_conditional,0.1,2,OK,True,{'correct': 0.10091987734968672},0.693716670530953,cleanlab_estimated_cached
tableshift,assistments,class_conditional,0.1,3,OK,True,{'correct': 0.1089188108252233},0.693716670530953,cleanlab_estimated_cached
tableshift,assistments,class_conditional,0.15,1,OK,True,{'correct': 0.1489134782029063},0.693716670530953,cleanlab_estimated_cached
tableshift,assistments,class_conditional,0.15,2,OK,True,{'correct': 0.15144647380349288},0.693716670530953,cleanlab_estimated_cached
tableshift,assistments,class_conditional,0.15,3,OK,True,{'correct': 0.15357952273030262},0.693716670530953,cleanlab_estimated_cached
tableshift,assistments,class_conditional,0.2,1,OK,True,{'correct': 0.19717371017197707},0.693716670530953,cleanlab_estimated_cached
tableshift,assistments,class_conditional,0.2,2,OK,True,{'correct': 0.20237301693107584},0.693716670530953,cleanlab_estimated_cached
tableshift,assistments,class_conditional,0.2,3,OK,True,{'correct': 0.20477269697373685},0.693716670530953,cleanlab_estimated_cached
tableshift,assistments,class_conditional,0.25,1,OK,True,{'correct': 0.2446340487934942},0.693716670530953,cleanlab_estimated_cached
tableshift,assistments,class_conditional,0.25,2,OK,True,{'correct': 0.25116651113184907},0.693716670530953,cleanlab_estimated_cached
tableshift,assistments,class_conditional,0.25,3,OK,True,{'correct': 0.2540994534062125},0.693716670530953,cleanlab_estimated_cached
uci,default_credit,uniform,0.05,1,OK,True,{'Y': 0.04899455616042662},,
uci,default_credit,uniform,0.05,2,OK,True,{'Y': 0.04810576602599711},,
uci,default_credit,uniform,0.05,3,OK,True,{'Y': 0.05710476613709588},,
uci,default_credit,uniform,0.1,1,OK,True,{'Y': 0.09876680368847905},,
uci,default_credit,uniform,0.1,2,OK,True,{'Y': 0.1022108654593934},,
uci,default_credit,uniform,0.1,3,OK,True,{'Y': 0.11076547050327741},,
uci,default_credit,uniform,0.15,1,OK,True,{'Y': 0.14887234751694256},,
uci,default_credit,uniform,0.15,2,OK,True,{'Y': 0.15453838462393069},,
uci,default_credit,uniform,0.15,3,OK,True,{'Y': 0.15864903899566715},,
uci,default_credit,uniform,0.2,1,OK,True,{'Y': 0.19697811354293968},,
uci,default_credit,uniform,0.2,2,OK,True,{'Y': 0.20397733585157204},,
uci,default_credit,uniform,0.2,3,OK,True,{'Y': 0.20497722475280525},,
uci,default_credit,uniform,0.25,1,OK,True,{'Y': 0.2458615709365626},,
uci,default_credit,uniform,0.25,2,OK,True,{'Y': 0.2543050772136429},,
uci,default_credit,uniform,0.25,3,OK,True,{'Y': 0.25674925008332405},,
uci,default_credit,class_conditional,0.05,1,OK,True,{'Y': 0.049105654927230305},1.197591680350301,cleanlab_estimated_fresh
uci,default_credit,class_conditional,0.05,2,OK,True,{'Y': 0.04766137095878236},1.197591680350301,cleanlab_estimated_cached
uci,default_credit,class_conditional,0.05,3,OK,True,{'Y': 0.057215864903899565},1.197591680350301,cleanlab_estimated_cached
uci,default_credit,class_conditional,0.1,1,OK,True,{'Y': 0.098433507388068},1.197591680350301,cleanlab_estimated_cached
uci,default_credit,class_conditional,0.1,2,OK,True,{'Y': 0.10209976669258972},1.197591680350301,cleanlab_estimated_cached
uci,default_credit,class_conditional,0.1,3,OK,False,{'Y': 0.11109876680368848},1.197591680350301,cleanlab_estimated_cached
uci,default_credit,class_conditional,0.15,1,OK,True,{'Y': 0.14998333518497944},1.197591680350301,cleanlab_estimated_cached
uci,default_credit,class_conditional,0.15,2,OK,True,{'Y': 0.1550938784579491},1.197591680350301,cleanlab_estimated_cached
uci,default_credit,class_conditional,0.15,3,OK,True,{'Y': 0.1582046439284524},1.197591680350301,cleanlab_estimated_cached
uci,default_credit,class_conditional,0.2,1,OK,True,{'Y': 0.1977558049105655},1.197591680350301,cleanlab_estimated_cached
uci,default_credit,class_conditional,0.2,2,OK,True,{'Y': 0.2044217309187868},1.197591680350301,cleanlab_estimated_cached
uci,default_credit,class_conditional,0.2,3,OK,True,{'Y': 0.20486612598600157},1.197591680350301,cleanlab_estimated_cached
uci,default_credit,class_conditional,0.25,1,OK,True,{'Y': 0.2469725586045995},1.197591680350301,cleanlab_estimated_cached
uci,default_credit,class_conditional,0.25,2,OK,True,{'Y': 0.25586045994889456},1.197591680350301,cleanlab_estimated_cached
uci,default_credit,class_conditional,0.25,3,OK,True,{'Y': 0.2557493611820909},1.197591680350301,cleanlab_estimated_cached
uci,diabetes_readmission,uniform,0.05,1,OK,True,{'readmitted': 0.050463302446503565},,
uci,diabetes_readmission,uniform,0.05,2,OK,True,{'readmitted': 0.04919672021865209},,
uci,diabetes_readmission,uniform,0.05,3,OK,True,{'readmitted': 0.053863075794947},,
uci,diabetes_readmission,uniform,0.1,1,OK,True,{'readmitted': 0.10132657822811812},,
uci,diabetes_readmission,uniform,0.1,2,OK,True,{'readmitted': 0.10339310712619158},,
uci,diabetes_readmission,uniform,0.1,3,OK,True,{'readmitted': 0.10579294713685754},,
uci,diabetes_readmission,uniform,0.15,1,OK,True,{'readmitted': 0.1514565695620292},,
uci,diabetes_readmission,uniform,0.15,2,OK,True,{'readmitted': 0.15298980067995466},,
uci,diabetes_readmission,uniform,0.15,3,OK,True,{'readmitted': 0.15512299180054662},,
uci,diabetes_readmission,uniform,0.2,1,OK,True,{'readmitted': 0.20118658756082927},,
uci,diabetes_readmission,uniform,0.2,2,OK,True,{'readmitted': 0.20091993867075528},,
uci,diabetes_readmission,uniform,0.2,3,OK,True,{'readmitted': 0.20251983201119925},,
uci,diabetes_readmission,uniform,0.25,1,OK,True,{'readmitted': 0.25104993000466636},,
uci,diabetes_readmission,uniform,0.25,2,OK,True,{'readmitted': 0.25051663222451837},,
uci,diabetes_readmission,uniform,0.25,3,OK,True,{'readmitted': 0.2544497033531098},,
uci,diabetes_readmission,class_conditional,0.05,1,OK,True,{'readmitted': 0.05066328911405906},2.4105263157894736,cleanlab_estimated_fresh
uci,diabetes_readmission,class_conditional,0.05,2,OK,True,{'readmitted': 0.048863409106059595},2.4105263157894736,cleanlab_estimated_cached
uci,diabetes_readmission,class_conditional,0.05,3,OK,True,{'readmitted': 0.054663022465168985},2.4105263157894736,cleanlab_estimated_cached
uci,diabetes_readmission,class_conditional,0.1,1,OK,True,{'readmitted': 0.09999333377774815},2.4105263157894736,cleanlab_estimated_cached
uci,diabetes_readmission,class_conditional,0.1,2,OK,True,{'readmitted': 0.10412639157389507},2.4105263157894736,cleanlab_estimated_cached
uci,diabetes_readmission,class_conditional,0.1,3,OK,True,{'readmitted': 0.10545963602426504},2.4105263157894736,cleanlab_estimated_cached
uci,diabetes_readmission,class_conditional,0.15,1,OK,True,{'readmitted': 0.1509232717818812},2.4105263157894736,cleanlab_estimated_cached
uci,diabetes_readmission,class_conditional,0.15,2,OK,True,{'readmitted': 0.15445636957536163},2.4105263157894736,cleanlab_estimated_cached
uci,diabetes_readmission,class_conditional,0.15,3,OK,True,{'readmitted': 0.15392307179521364},2.4105263157894736,cleanlab_estimated_cached
uci,diabetes_readmission,class_conditional,0.2,1,OK,True,{'readmitted': 0.20065328978068128},2.4105263157894736,cleanlab_estimated_cached
uci,diabetes_readmission,class_conditional,0.2,2,OK,True,{'readmitted': 0.20178654756349576},2.4105263157894736,cleanlab_estimated_cached
uci,diabetes_readmission,class_conditional,0.2,3,OK,True,{'readmitted': 0.2047863475768282},2.4105263157894736,cleanlab_estimated_cached
uci,diabetes_readmission,class_conditional,0.25,1,OK,True,{'readmitted': 0.25091660555962936},2.4105263157894736,cleanlab_estimated_cached
uci,diabetes_readmission,class_conditional,0.25,2,OK,True,{'readmitted': 0.25138324111725885},2.4105263157894736,cleanlab_estimated_cached
uci,diabetes_readmission,class_conditional,0.25,3,OK,True,{'readmitted': 0.2537164189054063},2.4105263157894736,cleanlab_estimated_cached
uci,online_shoppers,uniform,0.05,1,OK,True,{'Revenue': 0.05162162162162162},,
uci,online_shoppers,uniform,0.05,2,OK,True,{'Revenue': 0.0445945945945946},,
uci,online_shoppers,uniform,0.05,3,OK,True,{'Revenue': 0.05459459459459459},,
uci,online_shoppers,uniform,0.1,1,OK,True,{'Revenue': 0.10054054054054054},,
uci,online_shoppers,uniform,0.1,2,OK,True,{'Revenue': 0.09216216216216216},,
uci,online_shoppers,uniform,0.1,3,OK,True,{'Revenue': 0.11513513513513514},,
uci,online_shoppers,uniform,0.15,1,OK,True,{'Revenue': 0.15324324324324323},,
uci,online_shoppers,uniform,0.15,2,OK,True,{'Revenue': 0.1491891891891892},,
uci,online_shoppers,uniform,0.15,3,OK,True,{'Revenue': 0.16513513513513514},,
uci,online_shoppers,uniform,0.2,1,OK,True,{'Revenue': 0.20432432432432432},,
uci,online_shoppers,uniform,0.2,2,OK,True,{'Revenue': 0.20216216216216215},,
uci,online_shoppers,uniform,0.2,3,OK,True,{'Revenue': 0.21054054054054053},,
uci,online_shoppers,uniform,0.25,1,OK,True,{'Revenue': 0.25324324324324327},,
uci,online_shoppers,uniform,0.25,2,OK,True,{'Revenue': 0.2578378378378378},,
uci,online_shoppers,uniform,0.25,3,OK,True,{'Revenue': 0.2581081081081081},,
uci,online_shoppers,class_conditional,0.05,1,OK,True,{'Revenue': 0.05297297297297297},6.732352941176471,cleanlab_estimated_fresh
uci,online_shoppers,class_conditional,0.05,2,OK,True,{'Revenue': 0.04513513513513513},6.732352941176471,cleanlab_estimated_cached
uci,online_shoppers,class_conditional,0.05,3,OK,True,{'Revenue': 0.05783783783783784},6.732352941176471,cleanlab_estimated_cached
uci,online_shoppers,class_conditional,0.1,1,OK,True,{'Revenue': 0.10216216216216216},6.732352941176471,cleanlab_estimated_cached
uci,online_shoppers,class_conditional,0.1,2,OK,True,{'Revenue': 0.09675675675675675},6.732352941176471,cleanlab_estimated_cached
uci,online_shoppers,class_conditional,0.1,3,OK,True,{'Revenue': 0.10972972972972973},6.732352941176471,cleanlab_estimated_cached
uci,online_shoppers,class_conditional,0.15,1,OK,True,{'Revenue': 0.1554054054054054},6.732352941176471,cleanlab_estimated_cached
uci,online_shoppers,class_conditional,0.15,2,OK,True,{'Revenue': 0.15135135135135136},6.732352941176471,cleanlab_estimated_cached
uci,online_shoppers,class_conditional,0.15,3,OK,True,{'Revenue': 0.15783783783783784},6.732352941176471,cleanlab_estimated_cached
uci,online_shoppers,class_conditional,0.2,1,OK,True,{'Revenue': 0.2045945945945946},6.732352941176471,cleanlab_estimated_cached
uci,online_shoppers,class_conditional,0.2,2,OK,True,{'Revenue': 0.2072972972972973},6.732352941176471,cleanlab_estimated_cached
uci,online_shoppers,class_conditional,0.2,3,OK,True,{'Revenue': 0.2091891891891892},6.732352941176471,cleanlab_estimated_cached
uci,online_shoppers,class_conditional,0.25,1,OK,True,{'Revenue': 0.25324324324324327},6.732352941176471,cleanlab_estimated_cached
uci,online_shoppers,class_conditional,0.25,2,OK,True,{'Revenue': 0.2581081081081081},6.732352941176471,cleanlab_estimated_cached
uci,online_shoppers,class_conditional,0.25,3,OK,True,{'Revenue': 0.26},6.732352941176471,cleanlab_estimated_cached
