source,dataset,mechanism,severity,seed,status,validation_passed,achieved_rate,n_original,n_final
cleanml,Airbnb,global,0.05,1,OK,True,{'duplication_rate': 0.049974861739567625},9945,10442
cleanml,Airbnb,global,0.05,2,OK,True,{'duplication_rate': 0.049974861739567625},9945,10442
cleanml,Airbnb,global,0.05,3,OK,True,{'duplication_rate': 0.049974861739567625},9945,10442
cleanml,Airbnb,global,0.1,1,OK,True,{'duplication_rate': 0.09994972347913525},9945,10939
cleanml,Airbnb,global,0.1,2,OK,True,{'duplication_rate': 0.09994972347913525},9945,10939
cleanml,Airbnb,global,0.1,3,OK,True,{'duplication_rate': 0.09994972347913525},9945,10939
cleanml,Airbnb,global,0.15,1,OK,True,{'duplication_rate': 0.15002513826043237},9945,11437
cleanml,Airbnb,global,0.15,2,OK,True,{'duplication_rate': 0.15002513826043237},9945,11437
cleanml,Airbnb,global,0.15,3,OK,True,{'duplication_rate': 0.15002513826043237},9945,11437
cleanml,Airbnb,global,0.2,1,OK,True,{'duplication_rate': 0.2},9945,11934
cleanml,Airbnb,global,0.2,2,OK,True,{'duplication_rate': 0.2},9945,11934
cleanml,Airbnb,global,0.2,3,OK,True,{'duplication_rate': 0.2},9945,11934
cleanml,Airbnb,global,0.25,1,OK,True,{'duplication_rate': 0.24997486173956762},9945,12431
cleanml,Airbnb,global,0.25,2,OK,True,{'duplication_rate': 0.24997486173956762},9945,12431
cleanml,Airbnb,global,0.25,3,OK,True,{'duplication_rate': 0.24997486173956762},9945,12431
cleanml,Airbnb,slice_conditional,0.05,1,OK,True,{'within_slice_duplication_rate': 0.050016561775422325},9945,10096
cleanml,Airbnb,slice_conditional,0.05,2,OK,True,{'within_slice_duplication_rate': 0.04996876951905059},9945,10105
cleanml,Airbnb,slice_conditional,0.05,3,OK,True,{'within_slice_duplication_rate': 0.049983558040118385},9945,10097
cleanml,Airbnb,slice_conditional,0.1,1,OK,True,{'within_slice_duplication_rate': 0.10003312355084465},9945,10247
cleanml,Airbnb,slice_conditional,0.1,2,OK,True,{'within_slice_duplication_rate': 0.09993753903810118},9945,10265
cleanml,Airbnb,slice_conditional,0.1,3,OK,True,{'within_slice_duplication_rate': 0.09996711608023677},9945,10249
cleanml,Airbnb,slice_conditional,0.15,1,OK,True,{'within_slice_duplication_rate': 0.15004968532626697},9945,10398
cleanml,Airbnb,slice_conditional,0.15,2,OK,True,{'within_slice_duplication_rate': 0.14990630855715179},9945,10425
cleanml,Airbnb,slice_conditional,0.15,3,OK,True,{'within_slice_duplication_rate': 0.14995067412035515},9945,10401
cleanml,Airbnb,slice_conditional,0.2,1,OK,True,{'within_slice_duplication_rate': 0.2000662471016893},9945,10549
cleanml,Airbnb,slice_conditional,0.2,2,OK,True,{'within_slice_duplication_rate': 0.19987507807620236},9945,10585
cleanml,Airbnb,slice_conditional,0.2,3,OK,True,{'within_slice_duplication_rate': 0.19993423216047354},9945,10553
cleanml,Airbnb,slice_conditional,0.25,1,OK,True,{'within_slice_duplication_rate': 0.25008280887711165},9945,10700
cleanml,Airbnb,slice_conditional,0.25,2,OK,True,{'within_slice_duplication_rate': 0.24984384759525297},9945,10745
cleanml,Airbnb,slice_conditional,0.25,3,OK,True,{'within_slice_duplication_rate': 0.2499177902005919},9945,10705
cleanml,EEG,global,0.05,1,OK,True,{'duplication_rate': 0.05005561735261402},4495,4720
cleanml,EEG,global,0.05,2,OK,True,{'duplication_rate': 0.05005561735261402},4495,4720
cleanml,EEG,global,0.05,3,OK,True,{'duplication_rate': 0.05005561735261402},4495,4720
cleanml,EEG,global,0.1,1,OK,True,{'duplication_rate': 0.10011123470522804},4495,4945
cleanml,EEG,global,0.1,2,OK,True,{'duplication_rate': 0.10011123470522804},4495,4945
cleanml,EEG,global,0.1,3,OK,True,{'duplication_rate': 0.10011123470522804},4495,4945
cleanml,EEG,global,0.15,1,OK,True,{'duplication_rate': 0.149944382647386},4495,5169
cleanml,EEG,global,0.15,2,OK,True,{'duplication_rate': 0.149944382647386},4495,5169
cleanml,EEG,global,0.15,3,OK,True,{'duplication_rate': 0.149944382647386},4495,5169
cleanml,EEG,global,0.2,1,OK,True,{'duplication_rate': 0.2},4495,5394
cleanml,EEG,global,0.2,2,OK,True,{'duplication_rate': 0.2},4495,5394
cleanml,EEG,global,0.2,3,OK,True,{'duplication_rate': 0.2},4495,5394
cleanml,EEG,global,0.25,1,OK,True,{'duplication_rate': 0.250055617352614},4495,5619
cleanml,EEG,global,0.25,2,OK,True,{'duplication_rate': 0.250055617352614},4495,5619
cleanml,EEG,global,0.25,3,OK,True,{'duplication_rate': 0.250055617352614},4495,5619
cleanml,EEG,slice_conditional,0.05,1,OK,True,{'within_slice_duplication_rate': 0.0502092050209205},4495,4567
cleanml,EEG,slice_conditional,0.05,2,OK,True,{'within_slice_duplication_rate': 0.05017921146953405},4495,4565
cleanml,EEG,slice_conditional,0.05,3,OK,True,{'within_slice_duplication_rate': 0.04988830975428146},4495,4562
cleanml,EEG,slice_conditional,0.1,1,OK,True,{'within_slice_duplication_rate': 0.099721059972106},4495,4638
cleanml,EEG,slice_conditional,0.1,2,OK,True,{'within_slice_duplication_rate': 0.1003584229390681},4495,4635
cleanml,EEG,slice_conditional,0.1,3,OK,True,{'within_slice_duplication_rate': 0.09977661950856292},4495,4629
cleanml,EEG,slice_conditional,0.15,1,OK,True,{'within_slice_duplication_rate': 0.1499302649930265},4495,4710
cleanml,EEG,slice_conditional,0.15,2,OK,True,{'within_slice_duplication_rate': 0.14982078853046596},4495,4704
cleanml,EEG,slice_conditional,0.15,3,OK,True,{'within_slice_duplication_rate': 0.1496649292628444},4495,4696
cleanml,EEG,slice_conditional,0.2,1,OK,True,{'within_slice_duplication_rate': 0.200139470013947},4495,4782
cleanml,EEG,slice_conditional,0.2,2,OK,True,{'within_slice_duplication_rate': 0.2},4495,4774
cleanml,EEG,slice_conditional,0.2,3,OK,True,{'within_slice_duplication_rate': 0.20029784065524944},4495,4764
cleanml,EEG,slice_conditional,0.25,1,OK,True,{'within_slice_duplication_rate': 0.2496513249651325},4495,4853
cleanml,EEG,slice_conditional,0.25,2,OK,True,{'within_slice_duplication_rate': 0.25017921146953404},4495,4844
cleanml,EEG,slice_conditional,0.25,3,OK,True,{'within_slice_duplication_rate': 0.2501861504095309},4495,4831
folktables,ACSIncome,global,0.05,1,OK,True,{'duplication_rate': 0.049996666888874074},15001,15751
folktables,ACSIncome,global,0.05,2,OK,True,{'duplication_rate': 0.049996666888874074},15001,15751
folktables,ACSIncome,global,0.05,3,OK,True,{'duplication_rate': 0.049996666888874074},15001,15751
folktables,ACSIncome,global,0.1,1,OK,True,{'duplication_rate': 0.09999333377774815},15001,16501
folktables,ACSIncome,global,0.1,2,OK,True,{'duplication_rate': 0.09999333377774815},15001,16501
folktables,ACSIncome,global,0.1,3,OK,True,{'duplication_rate': 0.09999333377774815},15001,16501
folktables,ACSIncome,global,0.15,1,OK,True,{'duplication_rate': 0.14999000066662221},15001,17251
folktables,ACSIncome,global,0.15,2,OK,True,{'duplication_rate': 0.14999000066662221},15001,17251
folktables,ACSIncome,global,0.15,3,OK,True,{'duplication_rate': 0.14999000066662221},15001,17251
folktables,ACSIncome,global,0.2,1,OK,True,{'duplication_rate': 0.1999866675554963},15001,18001
folktables,ACSIncome,global,0.2,2,OK,True,{'duplication_rate': 0.1999866675554963},15001,18001
folktables,ACSIncome,global,0.2,3,OK,True,{'duplication_rate': 0.1999866675554963},15001,18001
folktables,ACSIncome,global,0.25,1,OK,True,{'duplication_rate': 0.24998333444437038},15001,18751
folktables,ACSIncome,global,0.25,2,OK,True,{'duplication_rate': 0.24998333444437038},15001,18751
folktables,ACSIncome,global,0.25,3,OK,True,{'duplication_rate': 0.24998333444437038},15001,18751
folktables,ACSIncome,slice_conditional,0.05,1,OK,True,{'within_slice_duplication_rate': 0.05},15001,15228
folktables,ACSIncome,slice_conditional,0.05,2,OK,True,{'within_slice_duplication_rate': 0.05004222972972973},15001,15238
folktables,ACSIncome,slice_conditional,0.05,3,OK,True,{'within_slice_duplication_rate': 0.05003262997607135},15001,15231
folktables,ACSIncome,slice_conditional,0.1,1,OK,True,{'within_slice_duplication_rate': 0.1},15001,15455
folktables,ACSIncome,slice_conditional,0.1,2,OK,True,{'within_slice_duplication_rate': 0.10008445945945946},15001,15475
folktables,ACSIncome,slice_conditional,0.1,3,OK,True,{'within_slice_duplication_rate': 0.1000652599521427},15001,15461
folktables,ACSIncome,slice_conditional,0.15,1,OK,True,{'within_slice_duplication_rate': 0.15},15001,15682
folktables,ACSIncome,slice_conditional,0.15,2,OK,True,{'within_slice_duplication_rate': 0.14991554054054054},15001,15711
folktables,ACSIncome,slice_conditional,0.15,3,OK,True,{'within_slice_duplication_rate': 0.15009788992821405},15001,15691
folktables,ACSIncome,slice_conditional,0.2,1,OK,True,{'within_slice_duplication_rate': 0.2},15001,15909
folktables,ACSIncome,slice_conditional,0.2,2,OK,True,{'within_slice_duplication_rate': 0.19995777027027026},15001,15948
folktables,ACSIncome,slice_conditional,0.2,3,OK,True,{'within_slice_duplication_rate': 0.1999129867304764},15001,15920
folktables,ACSIncome,slice_conditional,0.25,1,OK,True,{'within_slice_duplication_rate': 0.25},15001,16136
folktables,ACSIncome,slice_conditional,0.25,2,OK,True,{'within_slice_duplication_rate': 0.25},15001,16185
folktables,ACSIncome,slice_conditional,0.25,3,OK,True,{'within_slice_duplication_rate': 0.24994561670654775},15001,16150
folktables,ACSPublicCoverage,global,0.05,1,OK,True,{'duplication_rate': 0.05},15000,15750
folktables,ACSPublicCoverage,global,0.05,2,OK,True,{'duplication_rate': 0.05},15000,15750
folktables,ACSPublicCoverage,global,0.05,3,OK,True,{'duplication_rate': 0.05},15000,15750
folktables,ACSPublicCoverage,global,0.1,1,OK,True,{'duplication_rate': 0.1},15000,16500
folktables,ACSPublicCoverage,global,0.1,2,OK,True,{'duplication_rate': 0.1},15000,16500
folktables,ACSPublicCoverage,global,0.1,3,OK,True,{'duplication_rate': 0.1},15000,16500
folktables,ACSPublicCoverage,global,0.15,1,OK,True,{'duplication_rate': 0.15},15000,17250
folktables,ACSPublicCoverage,global,0.15,2,OK,True,{'duplication_rate': 0.15},15000,17250
folktables,ACSPublicCoverage,global,0.15,3,OK,True,{'duplication_rate': 0.15},15000,17250
folktables,ACSPublicCoverage,global,0.2,1,OK,True,{'duplication_rate': 0.2},15000,18000
folktables,ACSPublicCoverage,global,0.2,2,OK,True,{'duplication_rate': 0.2},15000,18000
folktables,ACSPublicCoverage,global,0.2,3,OK,True,{'duplication_rate': 0.2},15000,18000
folktables,ACSPublicCoverage,global,0.25,1,OK,True,{'duplication_rate': 0.25},15000,18750
folktables,ACSPublicCoverage,global,0.25,2,OK,True,{'duplication_rate': 0.25},15000,18750
folktables,ACSPublicCoverage,global,0.25,3,OK,True,{'duplication_rate': 0.25},15000,18750
folktables,ACSPublicCoverage,slice_conditional,0.05,1,OK,True,{'within_slice_duplication_rate': 0.04993486756404689},15000,15230
folktables,ACSPublicCoverage,slice_conditional,0.05,2,OK,True,{'within_slice_duplication_rate': 0.04993809327280231},15000,15363
folktables,ACSPublicCoverage,slice_conditional,0.05,3,OK,True,{'within_slice_duplication_rate': 0.049963126843657814},15000,15271
folktables,ACSPublicCoverage,slice_conditional,0.1,1,OK,True,{'within_slice_duplication_rate': 0.10008684324793747},15000,15461
folktables,ACSPublicCoverage,slice_conditional,0.1,2,OK,True,{'within_slice_duplication_rate': 0.10001375705048837},15000,15727
folktables,ACSPublicCoverage,slice_conditional,0.1,3,OK,True,{'within_slice_duplication_rate': 0.09992625368731563},15000,15542
folktables,ACSPublicCoverage,slice_conditional,0.15,1,OK,True,{'within_slice_duplication_rate': 0.15002171081198437},15000,15691
folktables,ACSPublicCoverage,slice_conditional,0.15,2,OK,True,{'within_slice_duplication_rate': 0.1499518503232907},15000,16090
folktables,ACSPublicCoverage,slice_conditional,0.15,3,OK,True,{'within_slice_duplication_rate': 0.15007374631268436},15000,15814
folktables,ACSPublicCoverage,slice_conditional,0.2,1,OK,True,{'within_slice_duplication_rate': 0.19995657837603126},15000,15921
folktables,ACSPublicCoverage,slice_conditional,0.2,2,OK,True,{'within_slice_duplication_rate': 0.20002751410097674},15000,16454
folktables,ACSPublicCoverage,slice_conditional,0.2,3,OK,True,{'within_slice_duplication_rate': 0.2000368731563422},15000,16085
folktables,ACSPublicCoverage,slice_conditional,0.25,1,OK,True,{'within_slice_duplication_rate': 0.25010855405992183},15000,16152
folktables,ACSPublicCoverage,slice_conditional,0.25,2,OK,True,{'within_slice_duplication_rate': 0.24996560737377907},15000,16817
folktables,ACSPublicCoverage,slice_conditional,0.25,3,OK,True,{'within_slice_duplication_rate': 0.25},15000,16356
openml,MagicTelescope,global,0.05,1,OK,True,{'duplication_rate': 0.049938671806553356},5707,5992
openml,MagicTelescope,global,0.05,2,OK,True,{'duplication_rate': 0.049938671806553356},5707,5992
openml,MagicTelescope,global,0.05,3,OK,True,{'duplication_rate': 0.049938671806553356},5707,5992
openml,MagicTelescope,global,0.1,1,OK,True,{'duplication_rate': 0.10005256702295427},5707,6278
openml,MagicTelescope,global,0.1,2,OK,True,{'duplication_rate': 0.10005256702295427},5707,6278
openml,MagicTelescope,global,0.1,3,OK,True,{'duplication_rate': 0.10005256702295427},5707,6278
openml,MagicTelescope,global,0.15,1,OK,True,{'duplication_rate': 0.14999123882950763},5707,6563
openml,MagicTelescope,global,0.15,2,OK,True,{'duplication_rate': 0.14999123882950763},5707,6563
openml,MagicTelescope,global,0.15,3,OK,True,{'duplication_rate': 0.14999123882950763},5707,6563
openml,MagicTelescope,global,0.2,1,OK,True,{'duplication_rate': 0.19992991063606097},5707,6848
openml,MagicTelescope,global,0.2,2,OK,True,{'duplication_rate': 0.19992991063606097},5707,6848
openml,MagicTelescope,global,0.2,3,OK,True,{'duplication_rate': 0.19992991063606097},5707,6848
openml,MagicTelescope,global,0.25,1,OK,True,{'duplication_rate': 0.2500438058524619},5707,7134
openml,MagicTelescope,global,0.25,2,OK,True,{'duplication_rate': 0.2500438058524619},5707,7134
openml,MagicTelescope,global,0.25,3,OK,True,{'duplication_rate': 0.2500438058524619},5707,7134
openml,MagicTelescope,slice_conditional,0.05,1,OK,True,{'within_slice_duplication_rate': 0.04997160704145372},5707,5795
openml,MagicTelescope,slice_conditional,0.05,2,OK,True,{'within_slice_duplication_rate': 0.04980192416525184},5707,5795
openml,MagicTelescope,slice_conditional,0.05,3,OK,True,{'within_slice_duplication_rate': 0.04979496192149971},5707,5792
openml,MagicTelescope,slice_conditional,0.1,1,OK,True,{'within_slice_duplication_rate': 0.09994321408290743},5707,5883
openml,MagicTelescope,slice_conditional,0.1,2,OK,True,{'within_slice_duplication_rate': 0.100169779286927},5707,5884
openml,MagicTelescope,slice_conditional,0.1,3,OK,True,{'within_slice_duplication_rate': 0.10017574692442882},5707,5878
openml,MagicTelescope,slice_conditional,0.15,1,OK,True,{'within_slice_duplication_rate': 0.14991482112436116},5707,5971
openml,MagicTelescope,slice_conditional,0.15,2,OK,True,{'within_slice_duplication_rate': 0.14997170345217883},5707,5972
openml,MagicTelescope,slice_conditional,0.15,3,OK,True,{'within_slice_duplication_rate': 0.14997070884592853},5707,5963
openml,MagicTelescope,slice_conditional,0.2,1,OK,True,{'within_slice_duplication_rate': 0.19988642816581487},5707,6059
openml,MagicTelescope,slice_conditional,0.2,2,OK,True,{'within_slice_duplication_rate': 0.19977362761743067},5707,6060
openml,MagicTelescope,slice_conditional,0.2,3,OK,True,{'within_slice_duplication_rate': 0.19976567076742824},5707,6048
openml,MagicTelescope,slice_conditional,0.25,1,OK,True,{'within_slice_duplication_rate': 0.2498580352072686},5707,6147
openml,MagicTelescope,slice_conditional,0.25,2,OK,True,{'within_slice_duplication_rate': 0.2501414827391058},5707,6149
openml,MagicTelescope,slice_conditional,0.25,3,OK,True,{'within_slice_duplication_rate': 0.2501464557703574},5707,6134
openml,bank-marketing,global,0.05,1,OK,True,{'duplication_rate': 0.04998525508699499},13564,14242
openml,bank-marketing,global,0.05,2,OK,True,{'duplication_rate': 0.04998525508699499},13564,14242
openml,bank-marketing,global,0.05,3,OK,True,{'duplication_rate': 0.04998525508699499},13564,14242
openml,bank-marketing,global,0.1,1,OK,True,{'duplication_rate': 0.09997051017398997},13564,14920
openml,bank-marketing,global,0.1,2,OK,True,{'duplication_rate': 0.09997051017398997},13564,14920
openml,bank-marketing,global,0.1,3,OK,True,{'duplication_rate': 0.09997051017398997},13564,14920
openml,bank-marketing,global,0.15,1,OK,True,{'duplication_rate': 0.15002948982601003},13564,15599
openml,bank-marketing,global,0.15,2,OK,True,{'duplication_rate': 0.15002948982601003},13564,15599
openml,bank-marketing,global,0.15,3,OK,True,{'duplication_rate': 0.15002948982601003},13564,15599
openml,bank-marketing,global,0.2,1,OK,True,{'duplication_rate': 0.20001474491300503},13564,16277
openml,bank-marketing,global,0.2,2,OK,True,{'duplication_rate': 0.20001474491300503},13564,16277
openml,bank-marketing,global,0.2,3,OK,True,{'duplication_rate': 0.20001474491300503},13564,16277
openml,bank-marketing,global,0.25,1,OK,True,{'duplication_rate': 0.25},13564,16955
openml,bank-marketing,global,0.25,2,OK,True,{'duplication_rate': 0.25},13564,16955
openml,bank-marketing,global,0.25,3,OK,True,{'duplication_rate': 0.25},13564,16955
openml,bank-marketing,slice_conditional,0.05,1,OK,True,{'within_slice_duplication_rate': 0.05},13564,13767
openml,bank-marketing,slice_conditional,0.05,2,OK,True,{'within_slice_duplication_rate': 0.050085511849499144},13564,13769
openml,bank-marketing,slice_conditional,0.05,3,OK,True,{'within_slice_duplication_rate': 0.05006045949214027},13564,13771
openml,bank-marketing,slice_conditional,0.1,1,OK,True,{'within_slice_duplication_rate': 0.1},13564,13970
openml,bank-marketing,slice_conditional,0.1,2,OK,True,{'within_slice_duplication_rate': 0.09992670412900073},13564,13973
openml,bank-marketing,slice_conditional,0.1,3,OK,True,{'within_slice_duplication_rate': 0.10012091898428054},13564,13978
openml,bank-marketing,slice_conditional,0.15,1,OK,True,{'within_slice_duplication_rate': 0.15},13564,14173
openml,bank-marketing,slice_conditional,0.15,2,OK,True,{'within_slice_duplication_rate': 0.15001221597849987},13564,14178
openml,bank-marketing,slice_conditional,0.15,3,OK,True,{'within_slice_duplication_rate': 0.14993954050785974},13564,14184
openml,bank-marketing,slice_conditional,0.2,1,OK,True,{'within_slice_duplication_rate': 0.2},13564,14376
openml,bank-marketing,slice_conditional,0.2,2,OK,True,{'within_slice_duplication_rate': 0.20009772782799903},13564,14383
openml,bank-marketing,slice_conditional,0.2,3,OK,True,{'within_slice_duplication_rate': 0.2},13564,14391
openml,bank-marketing,slice_conditional,0.25,1,OK,True,{'within_slice_duplication_rate': 0.25},13564,14579
openml,bank-marketing,slice_conditional,0.25,2,OK,True,{'within_slice_duplication_rate': 0.2499389201075006},13564,14587
openml,bank-marketing,slice_conditional,0.25,3,OK,True,{'within_slice_duplication_rate': 0.2500604594921403},13564,14598
openml,churn,global,0.05,1,OK,True,{'duplication_rate': 0.049966688874083946},1501,1576
openml,churn,global,0.05,2,OK,True,{'duplication_rate': 0.049966688874083946},1501,1576
openml,churn,global,0.05,3,OK,True,{'duplication_rate': 0.049966688874083946},1501,1576
openml,churn,global,0.1,1,OK,True,{'duplication_rate': 0.09993337774816789},1501,1651
openml,churn,global,0.1,2,OK,True,{'duplication_rate': 0.09993337774816789},1501,1651
openml,churn,global,0.1,3,OK,True,{'duplication_rate': 0.09993337774816789},1501,1651
openml,churn,global,0.15,1,OK,True,{'duplication_rate': 0.14990006662225183},1501,1726
openml,churn,global,0.15,2,OK,True,{'duplication_rate': 0.14990006662225183},1501,1726
openml,churn,global,0.15,3,OK,True,{'duplication_rate': 0.14990006662225183},1501,1726
openml,churn,global,0.2,1,OK,True,{'duplication_rate': 0.19986675549633579},1501,1801
openml,churn,global,0.2,2,OK,True,{'duplication_rate': 0.19986675549633579},1501,1801
openml,churn,global,0.2,3,OK,True,{'duplication_rate': 0.19986675549633579},1501,1801
openml,churn,global,0.25,1,OK,True,{'duplication_rate': 0.2498334443704197},1501,1876
openml,churn,global,0.25,2,OK,True,{'duplication_rate': 0.2498334443704197},1501,1876
openml,churn,global,0.25,3,OK,True,{'duplication_rate': 0.2498334443704197},1501,1876
openml,churn,slice_conditional,0.05,1,OK,True,{'within_slice_duplication_rate': 0.04932735426008968},1501,1523
openml,churn,slice_conditional,0.05,2,OK,True,{'within_slice_duplication_rate': 0.05010893246187364},1501,1524
openml,churn,slice_conditional,0.05,3,OK,True,{'within_slice_duplication_rate': 0.04943820224719101},1501,1523
openml,churn,slice_conditional,0.1,1,OK,True,{'within_slice_duplication_rate': 0.10089686098654709},1501,1546
openml,churn,slice_conditional,0.1,2,OK,True,{'within_slice_duplication_rate': 0.10021786492374728},1501,1547
openml,churn,slice_conditional,0.1,3,OK,True,{'within_slice_duplication_rate': 0.09887640449438202},1501,1545
openml,churn,slice_conditional,0.15,1,OK,True,{'within_slice_duplication_rate': 0.15022421524663676},1501,1568
openml,churn,slice_conditional,0.15,2,OK,True,{'within_slice_duplication_rate': 0.1503267973856209},1501,1570
openml,churn,slice_conditional,0.15,3,OK,True,{'within_slice_duplication_rate': 0.15056179775280898},1501,1568
openml,churn,slice_conditional,0.2,1,OK,True,{'within_slice_duplication_rate': 0.19955156950672645},1501,1590
openml,churn,slice_conditional,0.2,2,OK,True,{'within_slice_duplication_rate': 0.20043572984749455},1501,1593
openml,churn,slice_conditional,0.2,3,OK,True,{'within_slice_duplication_rate': 0.2},1501,1590
openml,churn,slice_conditional,0.25,1,OK,True,{'within_slice_duplication_rate': 0.25112107623318386},1501,1613
openml,churn,slice_conditional,0.25,2,OK,True,{'within_slice_duplication_rate': 0.25054466230936817},1501,1616
openml,churn,slice_conditional,0.25,3,OK,True,{'within_slice_duplication_rate': 0.24943820224719102},1501,1612
openml,electricity,global,0.05,1,OK,True,{'duplication_rate': 0.05001838911364472},13595,14275
openml,electricity,global,0.05,2,OK,True,{'duplication_rate': 0.05001838911364472},13595,14275
openml,electricity,global,0.05,3,OK,True,{'duplication_rate': 0.05001838911364472},13595,14275
openml,electricity,global,0.1,1,OK,True,{'duplication_rate': 0.10003677822728944},13595,14955
openml,electricity,global,0.1,2,OK,True,{'duplication_rate': 0.10003677822728944},13595,14955
openml,electricity,global,0.1,3,OK,True,{'duplication_rate': 0.10003677822728944},13595,14955
openml,electricity,global,0.15,1,OK,True,{'duplication_rate': 0.14998161088635528},13595,15634
openml,electricity,global,0.15,2,OK,True,{'duplication_rate': 0.14998161088635528},13595,15634
openml,electricity,global,0.15,3,OK,True,{'duplication_rate': 0.14998161088635528},13595,15634
openml,electricity,global,0.2,1,OK,True,{'duplication_rate': 0.2},13595,16314
openml,electricity,global,0.2,2,OK,True,{'duplication_rate': 0.2},13595,16314
openml,electricity,global,0.2,3,OK,True,{'duplication_rate': 0.2},13595,16314
openml,electricity,global,0.25,1,OK,True,{'duplication_rate': 0.2500183891136447},13595,16994
openml,electricity,global,0.25,2,OK,True,{'duplication_rate': 0.2500183891136447},13595,16994
openml,electricity,global,0.25,3,OK,True,{'duplication_rate': 0.2500183891136447},13595,16994
openml,electricity,slice_conditional,0.05,1,OK,True,{'within_slice_duplication_rate': 0.05001838911364472},13595,14275
openml,electricity,slice_conditional,0.05,2,OK,True,{'within_slice_duplication_rate': 0.0499808257701649},13595,13986
openml,electricity,slice_conditional,0.05,3,OK,True,{'within_slice_duplication_rate': 0.0499808257701649},13595,13986
openml,electricity,slice_conditional,0.1,1,OK,True,{'within_slice_duplication_rate': 0.10003677822728944},13595,14955
openml,electricity,slice_conditional,0.1,2,OK,True,{'within_slice_duplication_rate': 0.0999616515403298},13595,14377
openml,electricity,slice_conditional,0.1,3,OK,True,{'within_slice_duplication_rate': 0.0999616515403298},13595,14377
openml,electricity,slice_conditional,0.15,1,OK,True,{'within_slice_duplication_rate': 0.14998161088635528},13595,15634
openml,electricity,slice_conditional,0.15,2,OK,True,{'within_slice_duplication_rate': 0.1499424773104947},13595,14768
openml,electricity,slice_conditional,0.15,3,OK,True,{'within_slice_duplication_rate': 0.1499424773104947},13595,14768
openml,electricity,slice_conditional,0.2,1,OK,True,{'within_slice_duplication_rate': 0.2},13595,16314
openml,electricity,slice_conditional,0.2,2,OK,True,{'within_slice_duplication_rate': 0.20005113127956028},13595,15160
openml,electricity,slice_conditional,0.2,3,OK,True,{'within_slice_duplication_rate': 0.20005113127956028},13595,15160
openml,electricity,slice_conditional,0.25,1,OK,True,{'within_slice_duplication_rate': 0.2500183891136447},13595,16994
openml,electricity,slice_conditional,0.25,2,OK,True,{'within_slice_duplication_rate': 0.2500319570497252},13595,15551
openml,electricity,slice_conditional,0.25,3,OK,True,{'within_slice_duplication_rate': 0.2500319570497252},13595,15551
openml,heloc,global,0.05,1,OK,True,{'duplication_rate': 0.05003186743148502},3138,3295
openml,heloc,global,0.05,2,OK,True,{'duplication_rate': 0.05003186743148502},3138,3295
openml,heloc,global,0.05,3,OK,True,{'duplication_rate': 0.05003186743148502},3138,3295
openml,heloc,global,0.1,1,OK,True,{'duplication_rate': 0.10006373486297004},3138,3452
openml,heloc,global,0.1,2,OK,True,{'duplication_rate': 0.10006373486297004},3138,3452
openml,heloc,global,0.1,3,OK,True,{'duplication_rate': 0.10006373486297004},3138,3452
openml,heloc,global,0.15,1,OK,True,{'duplication_rate': 0.15009560229445507},3138,3609
openml,heloc,global,0.15,2,OK,True,{'duplication_rate': 0.15009560229445507},3138,3609
openml,heloc,global,0.15,3,OK,True,{'duplication_rate': 0.15009560229445507},3138,3609
openml,heloc,global,0.2,1,OK,True,{'duplication_rate': 0.2001274697259401},3138,3766
openml,heloc,global,0.2,2,OK,True,{'duplication_rate': 0.2001274697259401},3138,3766
openml,heloc,global,0.2,3,OK,True,{'duplication_rate': 0.2001274697259401},3138,3766
openml,heloc,global,0.25,1,OK,True,{'duplication_rate': 0.2498406628425749},3138,3922
openml,heloc,global,0.25,2,OK,True,{'duplication_rate': 0.2498406628425749},3138,3922
openml,heloc,global,0.25,3,OK,True,{'duplication_rate': 0.2498406628425749},3138,3922
openml,heloc,slice_conditional,0.05,1,OK,True,{'within_slice_duplication_rate': 0.05},3138,3184
openml,heloc,slice_conditional,0.05,2,OK,True,{'within_slice_duplication_rate': 0.05054945054945055},3138,3184
openml,heloc,slice_conditional,0.05,3,OK,True,{'within_slice_duplication_rate': 0.04983748645720477},3138,3184
openml,heloc,slice_conditional,0.1,1,OK,True,{'within_slice_duplication_rate': 0.1},3138,3230
openml,heloc,slice_conditional,0.1,2,OK,True,{'within_slice_duplication_rate': 0.1},3138,3229
openml,heloc,slice_conditional,0.1,3,OK,True,{'within_slice_duplication_rate': 0.09967497291440953},3138,3230
openml,heloc,slice_conditional,0.15,1,OK,True,{'within_slice_duplication_rate': 0.15},3138,3276
openml,heloc,slice_conditional,0.15,2,OK,True,{'within_slice_duplication_rate': 0.14945054945054945},3138,3274
openml,heloc,slice_conditional,0.15,3,OK,True,{'within_slice_duplication_rate': 0.1495124593716143},3138,3276
openml,heloc,slice_conditional,0.2,1,OK,True,{'within_slice_duplication_rate': 0.2},3138,3322
openml,heloc,slice_conditional,0.2,2,OK,True,{'within_slice_duplication_rate': 0.2},3138,3320
openml,heloc,slice_conditional,0.2,3,OK,True,{'within_slice_duplication_rate': 0.20043336944745396},3138,3323
openml,heloc,slice_conditional,0.25,1,OK,True,{'within_slice_duplication_rate': 0.25},3138,3368
openml,heloc,slice_conditional,0.25,2,OK,True,{'within_slice_duplication_rate': 0.25054945054945055},3138,3366
openml,heloc,slice_conditional,0.25,3,OK,True,{'within_slice_duplication_rate': 0.2502708559046587},3138,3369
openml,jm1,global,0.05,1,OK,True,{'duplication_rate': 0.04990814451928965},3266,3429
openml,jm1,global,0.05,2,OK,True,{'duplication_rate': 0.04990814451928965},3266,3429
openml,jm1,global,0.05,3,OK,True,{'duplication_rate': 0.04990814451928965},3266,3429
openml,jm1,global,0.1,1,OK,True,{'duplication_rate': 0.10012247397428047},3266,3593
openml,jm1,global,0.1,2,OK,True,{'duplication_rate': 0.10012247397428047},3266,3593
openml,jm1,global,0.1,3,OK,True,{'duplication_rate': 0.10012247397428047},3266,3593
openml,jm1,global,0.15,1,OK,True,{'duplication_rate': 0.1500306184935701},3266,3756
openml,jm1,global,0.15,2,OK,True,{'duplication_rate': 0.1500306184935701},3266,3756
openml,jm1,global,0.15,3,OK,True,{'duplication_rate': 0.1500306184935701},3266,3756
openml,jm1,global,0.2,1,OK,True,{'duplication_rate': 0.19993876301285976},3266,3919
openml,jm1,global,0.2,2,OK,True,{'duplication_rate': 0.19993876301285976},3266,3919
openml,jm1,global,0.2,3,OK,True,{'duplication_rate': 0.19993876301285976},3266,3919
openml,jm1,global,0.25,1,OK,True,{'duplication_rate': 0.24984690753214941},3266,4082
openml,jm1,global,0.25,2,OK,True,{'duplication_rate': 0.24984690753214941},3266,4082
openml,jm1,global,0.25,3,OK,True,{'duplication_rate': 0.24984690753214941},3266,4082
openml,jm1,slice_conditional,0.05,1,OK,True,{'within_slice_duplication_rate': 0.04965243296921549},3266,3316
openml,jm1,slice_conditional,0.05,2,OK,True,{'within_slice_duplication_rate': 0.04984740590030519},3266,3315
openml,jm1,slice_conditional,0.05,3,OK,True,{'within_slice_duplication_rate': 0.05039096437880104},3266,3324
openml,jm1,slice_conditional,0.1,1,OK,True,{'within_slice_duplication_rate': 0.1002979145978153},3266,3367
openml,jm1,slice_conditional,0.1,2,OK,True,{'within_slice_duplication_rate': 0.09969481180061038},3266,3364
openml,jm1,slice_conditional,0.1,3,OK,True,{'within_slice_duplication_rate': 0.0999131190269331},3266,3381
openml,jm1,slice_conditional,0.15,1,OK,True,{'within_slice_duplication_rate': 0.1499503475670308},3266,3417
openml,jm1,slice_conditional,0.15,2,OK,True,{'within_slice_duplication_rate': 0.14954221770091555},3266,3413
openml,jm1,slice_conditional,0.15,3,OK,True,{'within_slice_duplication_rate': 0.15030408340573415},3266,3439
openml,jm1,slice_conditional,0.2,1,OK,True,{'within_slice_duplication_rate': 0.19960278053624628},3266,3467
openml,jm1,slice_conditional,0.2,2,OK,True,{'within_slice_duplication_rate': 0.20040691759918616},3266,3463
openml,jm1,slice_conditional,0.2,3,OK,True,{'within_slice_duplication_rate': 0.1998262380538662},3266,3496
openml,jm1,slice_conditional,0.25,1,OK,True,{'within_slice_duplication_rate': 0.2502482621648461},3266,3518
openml,jm1,slice_conditional,0.25,2,OK,True,{'within_slice_duplication_rate': 0.25025432349949134},3266,3512
openml,jm1,slice_conditional,0.25,3,OK,True,{'within_slice_duplication_rate': 0.25021720243266726},3266,3554
openml,kick,global,0.05,1,OK,True,{'duplication_rate': 0.049996666888874074},15001,15751
openml,kick,global,0.05,2,OK,True,{'duplication_rate': 0.049996666888874074},15001,15751
openml,kick,global,0.05,3,OK,True,{'duplication_rate': 0.049996666888874074},15001,15751
openml,kick,global,0.1,1,OK,True,{'duplication_rate': 0.09999333377774815},15001,16501
openml,kick,global,0.1,2,OK,True,{'duplication_rate': 0.09999333377774815},15001,16501
openml,kick,global,0.1,3,OK,True,{'duplication_rate': 0.09999333377774815},15001,16501
openml,kick,global,0.15,1,OK,True,{'duplication_rate': 0.14999000066662221},15001,17251
openml,kick,global,0.15,2,OK,True,{'duplication_rate': 0.14999000066662221},15001,17251
openml,kick,global,0.15,3,OK,True,{'duplication_rate': 0.14999000066662221},15001,17251
openml,kick,global,0.2,1,OK,True,{'duplication_rate': 0.1999866675554963},15001,18001
openml,kick,global,0.2,2,OK,True,{'duplication_rate': 0.1999866675554963},15001,18001
openml,kick,global,0.2,3,OK,True,{'duplication_rate': 0.1999866675554963},15001,18001
openml,kick,global,0.25,1,OK,True,{'duplication_rate': 0.24998333444437038},15001,18751
openml,kick,global,0.25,2,OK,True,{'duplication_rate': 0.24998333444437038},15001,18751
openml,kick,global,0.25,3,OK,True,{'duplication_rate': 0.24998333444437038},15001,18751
openml,kick,slice_conditional,0.05,1,OK,True,{'within_slice_duplication_rate': 0.04993282579489476},15001,15224
openml,kick,slice_conditional,0.05,2,OK,True,{'within_slice_duplication_rate': 0.050077898953928335},15001,15226
openml,kick,slice_conditional,0.05,3,OK,True,{'within_slice_duplication_rate': 0.04994523548740416},15001,15229
openml,kick,slice_conditional,0.1,1,OK,True,{'within_slice_duplication_rate': 0.10008956560680698},15001,15448
openml,kick,slice_conditional,0.1,2,OK,True,{'within_slice_duplication_rate': 0.09993322946806144},15001,15450
openml,kick,slice_conditional,0.1,3,OK,True,{'within_slice_duplication_rate': 0.09989047097480833},15001,15457
openml,kick,slice_conditional,0.15,1,OK,True,{'within_slice_duplication_rate': 0.15002239140170176},15001,15671
openml,kick,slice_conditional,0.15,2,OK,True,{'within_slice_duplication_rate': 0.15001112842198977},15001,15675
openml,kick,slice_conditional,0.15,3,OK,True,{'within_slice_duplication_rate': 0.15005476451259583},15001,15686
openml,kick,slice_conditional,0.2,1,OK,True,{'within_slice_duplication_rate': 0.1999552171965965},15001,15894
openml,kick,slice_conditional,0.2,2,OK,True,{'within_slice_duplication_rate': 0.2000890273759181},15001,15900
openml,kick,slice_conditional,0.2,3,OK,True,{'within_slice_duplication_rate': 0.2},15001,15914
openml,kick,slice_conditional,0.25,1,OK,True,{'within_slice_duplication_rate': 0.24988804299149125},15001,16117
openml,kick,slice_conditional,0.25,2,OK,True,{'within_slice_duplication_rate': 0.24994435789005118},15001,16124
openml,kick,slice_conditional,0.25,3,OK,True,{'within_slice_duplication_rate': 0.24994523548740416},15001,16142
openml,phoneme,global,0.05,1,OK,True,{'duplication_rate': 0.0499383477188656},1622,1703
openml,phoneme,global,0.05,2,OK,True,{'duplication_rate': 0.0499383477188656},1622,1703
openml,phoneme,global,0.05,3,OK,True,{'duplication_rate': 0.0499383477188656},1622,1703
openml,phoneme,global,0.1,1,OK,True,{'duplication_rate': 0.0998766954377312},1622,1784
openml,phoneme,global,0.1,2,OK,True,{'duplication_rate': 0.0998766954377312},1622,1784
openml,phoneme,global,0.1,3,OK,True,{'duplication_rate': 0.0998766954377312},1622,1784
openml,phoneme,global,0.15,1,OK,True,{'duplication_rate': 0.1498150431565968},1622,1865
openml,phoneme,global,0.15,2,OK,True,{'duplication_rate': 0.1498150431565968},1622,1865
openml,phoneme,global,0.15,3,OK,True,{'duplication_rate': 0.1498150431565968},1622,1865
openml,phoneme,global,0.2,1,OK,True,{'duplication_rate': 0.1997533908754624},1622,1946
openml,phoneme,global,0.2,2,OK,True,{'duplication_rate': 0.1997533908754624},1622,1946
openml,phoneme,global,0.2,3,OK,True,{'duplication_rate': 0.1997533908754624},1622,1946
openml,phoneme,global,0.25,1,OK,True,{'duplication_rate': 0.25030826140567203},1622,2028
openml,phoneme,global,0.25,2,OK,True,{'duplication_rate': 0.25030826140567203},1622,2028
openml,phoneme,global,0.25,3,OK,True,{'duplication_rate': 0.25030826140567203},1622,2028
openml,phoneme,slice_conditional,0.05,1,OK,True,{'within_slice_duplication_rate': 0.05037313432835821},1622,1649
openml,phoneme,slice_conditional,0.05,2,OK,True,{'within_slice_duplication_rate': 0.04911591355599214},1622,1647
openml,phoneme,slice_conditional,0.05,3,OK,True,{'within_slice_duplication_rate': 0.05060728744939271},1622,1647
openml,phoneme,slice_conditional,0.1,1,OK,True,{'within_slice_duplication_rate': 0.10074626865671642},1622,1676
openml,phoneme,slice_conditional,0.1,2,OK,True,{'within_slice_duplication_rate': 0.10019646365422397},1622,1673
openml,phoneme,slice_conditional,0.1,3,OK,True,{'within_slice_duplication_rate': 0.09919028340080972},1622,1671
openml,phoneme,slice_conditional,0.15,1,OK,True,{'within_slice_duplication_rate': 0.14925373134328357},1622,1702
openml,phoneme,slice_conditional,0.15,2,OK,True,{'within_slice_duplication_rate': 0.14931237721021612},1622,1698
openml,phoneme,slice_conditional,0.15,3,OK,True,{'within_slice_duplication_rate': 0.14979757085020243},1622,1696
openml,phoneme,slice_conditional,0.2,1,OK,True,{'within_slice_duplication_rate': 0.19962686567164178},1622,1729
openml,phoneme,slice_conditional,0.2,2,OK,True,{'within_slice_duplication_rate': 0.20039292730844793},1622,1724
openml,phoneme,slice_conditional,0.2,3,OK,True,{'within_slice_duplication_rate': 0.20040485829959515},1622,1721
openml,phoneme,slice_conditional,0.25,1,OK,True,{'within_slice_duplication_rate': 0.25},1622,1756
openml,phoneme,slice_conditional,0.25,2,OK,True,{'within_slice_duplication_rate': 0.24950884086444008},1622,1749
openml,phoneme,slice_conditional,0.25,3,OK,True,{'within_slice_duplication_rate': 0.25101214574898784},1622,1746
openml,road-safety,global,0.05,1,OK,True,{'duplication_rate': 0.049996666888874074},15001,15751
openml,road-safety,global,0.05,2,OK,True,{'duplication_rate': 0.049996666888874074},15001,15751
openml,road-safety,global,0.05,3,OK,True,{'duplication_rate': 0.049996666888874074},15001,15751
openml,road-safety,global,0.1,1,OK,True,{'duplication_rate': 0.09999333377774815},15001,16501
openml,road-safety,global,0.1,2,OK,True,{'duplication_rate': 0.09999333377774815},15001,16501
openml,road-safety,global,0.1,3,OK,True,{'duplication_rate': 0.09999333377774815},15001,16501
openml,road-safety,global,0.15,1,OK,True,{'duplication_rate': 0.14999000066662221},15001,17251
openml,road-safety,global,0.15,2,OK,True,{'duplication_rate': 0.14999000066662221},15001,17251
openml,road-safety,global,0.15,3,OK,True,{'duplication_rate': 0.14999000066662221},15001,17251
openml,road-safety,global,0.2,1,OK,True,{'duplication_rate': 0.1999866675554963},15001,18001
openml,road-safety,global,0.2,2,OK,True,{'duplication_rate': 0.1999866675554963},15001,18001
openml,road-safety,global,0.2,3,OK,True,{'duplication_rate': 0.1999866675554963},15001,18001
openml,road-safety,global,0.25,1,OK,True,{'duplication_rate': 0.24998333444437038},15001,18751
openml,road-safety,global,0.25,2,OK,True,{'duplication_rate': 0.24998333444437038},15001,18751
openml,road-safety,global,0.25,3,OK,True,{'duplication_rate': 0.24998333444437038},15001,18751
openml,road-safety,slice_conditional,0.05,1,OK,True,{'within_slice_duplication_rate': 0.04998724815098189},15001,15197
openml,road-safety,slice_conditional,0.05,2,OK,True,{'within_slice_duplication_rate': 0.04998698255662588},15001,15193
openml,road-safety,slice_conditional,0.05,3,OK,True,{'within_slice_duplication_rate': 0.049937264742785446},15001,15200
openml,road-safety,slice_conditional,0.1,1,OK,True,{'within_slice_duplication_rate': 0.09997449630196378},15001,15393
openml,road-safety,slice_conditional,0.1,2,OK,True,{'within_slice_duplication_rate': 0.09997396511325175},15001,15385
openml,road-safety,slice_conditional,0.1,3,OK,True,{'within_slice_duplication_rate': 0.09987452948557089},15001,15399
openml,road-safety,slice_conditional,0.15,1,OK,True,{'within_slice_duplication_rate': 0.1499617444529457},15001,15589
openml,road-safety,slice_conditional,0.15,2,OK,True,{'within_slice_duplication_rate': 0.14996094766987764},15001,15577
openml,road-safety,slice_conditional,0.15,3,OK,True,{'within_slice_duplication_rate': 0.15006273525721456},15001,15599
openml,road-safety,slice_conditional,0.2,1,OK,True,{'within_slice_duplication_rate': 0.19994899260392757},15001,15785
openml,road-safety,slice_conditional,0.2,2,OK,True,{'within_slice_duplication_rate': 0.1999479302265035},15001,15769
openml,road-safety,slice_conditional,0.2,3,OK,True,{'within_slice_duplication_rate': 0.2},15001,15798
openml,road-safety,slice_conditional,0.25,1,OK,True,{'within_slice_duplication_rate': 0.24993624075490947},15001,15981
openml,road-safety,slice_conditional,0.25,2,OK,True,{'within_slice_duplication_rate': 0.2499349127831294},15001,15961
openml,road-safety,slice_conditional,0.25,3,OK,True,{'within_slice_duplication_rate': 0.24993726474278544},15001,15997
tableshift,assistments,global,0.05,1,OK,True,{'duplication_rate': 0.04999333422210372},7501,7876
tableshift,assistments,global,0.05,2,OK,True,{'duplication_rate': 0.04999333422210372},7501,7876
tableshift,assistments,global,0.05,3,OK,True,{'duplication_rate': 0.04999333422210372},7501,7876
tableshift,assistments,global,0.1,1,OK,True,{'duplication_rate': 0.09998666844420744},7501,8251
tableshift,assistments,global,0.1,2,OK,True,{'duplication_rate': 0.09998666844420744},7501,8251
tableshift,assistments,global,0.1,3,OK,True,{'duplication_rate': 0.09998666844420744},7501,8251
tableshift,assistments,global,0.15,1,OK,True,{'duplication_rate': 0.14998000266631115},7501,8626
tableshift,assistments,global,0.15,2,OK,True,{'duplication_rate': 0.14998000266631115},7501,8626
tableshift,assistments,global,0.15,3,OK,True,{'duplication_rate': 0.14998000266631115},7501,8626
tableshift,assistments,global,0.2,1,OK,True,{'duplication_rate': 0.19997333688841487},7501,9001
tableshift,assistments,global,0.2,2,OK,True,{'duplication_rate': 0.19997333688841487},7501,9001
tableshift,assistments,global,0.2,3,OK,True,{'duplication_rate': 0.19997333688841487},7501,9001
tableshift,assistments,global,0.25,1,OK,True,{'duplication_rate': 0.2499666711105186},7501,9376
tableshift,assistments,global,0.25,2,OK,True,{'duplication_rate': 0.2499666711105186},7501,9376
tableshift,assistments,global,0.25,3,OK,True,{'duplication_rate': 0.2499666711105186},7501,9376
tableshift,assistments,slice_conditional,0.05,1,OK,True,{'within_slice_duplication_rate': 0.05002066969822241},7501,7622
tableshift,assistments,slice_conditional,0.05,2,OK,True,{'within_slice_duplication_rate': 0.049910873440285206},7501,7613
tableshift,assistments,slice_conditional,0.05,3,OK,True,{'within_slice_duplication_rate': 0.04980340760157274},7501,7615
tableshift,assistments,slice_conditional,0.1,1,OK,True,{'within_slice_duplication_rate': 0.10004133939644481},7501,7743
tableshift,assistments,slice_conditional,0.1,2,OK,True,{'within_slice_duplication_rate': 0.09982174688057041},7501,7725
tableshift,assistments,slice_conditional,0.1,3,OK,True,{'within_slice_duplication_rate': 0.1000436871996505},7501,7730
tableshift,assistments,slice_conditional,0.15,1,OK,True,{'within_slice_duplication_rate': 0.15006200909466721},7501,7864
tableshift,assistments,slice_conditional,0.15,2,OK,True,{'within_slice_duplication_rate': 0.1501782531194296},7501,7838
tableshift,assistments,slice_conditional,0.15,3,OK,True,{'within_slice_duplication_rate': 0.14984709480122324},7501,7844
tableshift,assistments,slice_conditional,0.2,1,OK,True,{'within_slice_duplication_rate': 0.20008267879288963},7501,7985
tableshift,assistments,slice_conditional,0.2,2,OK,True,{'within_slice_duplication_rate': 0.2000891265597148},7501,7950
tableshift,assistments,slice_conditional,0.2,3,OK,True,{'within_slice_duplication_rate': 0.200087374399301},7501,7959
tableshift,assistments,slice_conditional,0.25,1,OK,True,{'within_slice_duplication_rate': 0.25010334849111204},7501,8106
tableshift,assistments,slice_conditional,0.25,2,OK,True,{'within_slice_duplication_rate': 0.25},7501,8062
tableshift,assistments,slice_conditional,0.25,3,OK,True,{'within_slice_duplication_rate': 0.24989078200087375},7501,8073
uci,default_credit,global,0.05,1,OK,True,{'duplication_rate': 0.049994445061659815},9001,9451
uci,default_credit,global,0.05,2,OK,True,{'duplication_rate': 0.049994445061659815},9001,9451
uci,default_credit,global,0.05,3,OK,True,{'duplication_rate': 0.049994445061659815},9001,9451
uci,default_credit,global,0.1,1,OK,True,{'duplication_rate': 0.09998889012331963},9001,9901
uci,default_credit,global,0.1,2,OK,True,{'duplication_rate': 0.09998889012331963},9001,9901
uci,default_credit,global,0.1,3,OK,True,{'duplication_rate': 0.09998889012331963},9001,9901
uci,default_credit,global,0.15,1,OK,True,{'duplication_rate': 0.14998333518497944},9001,10351
uci,default_credit,global,0.15,2,OK,True,{'duplication_rate': 0.14998333518497944},9001,10351
uci,default_credit,global,0.15,3,OK,True,{'duplication_rate': 0.14998333518497944},9001,10351
uci,default_credit,global,0.2,1,OK,True,{'duplication_rate': 0.19997778024663926},9001,10801
uci,default_credit,global,0.2,2,OK,True,{'duplication_rate': 0.19997778024663926},9001,10801
uci,default_credit,global,0.2,3,OK,True,{'duplication_rate': 0.19997778024663926},9001,10801
uci,default_credit,global,0.25,1,OK,True,{'duplication_rate': 0.24997222530829907},9001,11251
uci,default_credit,global,0.25,2,OK,True,{'duplication_rate': 0.24997222530829907},9001,11251
uci,default_credit,global,0.25,3,OK,True,{'duplication_rate': 0.24997222530829907},9001,11251
uci,default_credit,slice_conditional,0.05,1,OK,True,{'within_slice_duplication_rate': 0.05010376519418915},9001,9170
uci,default_credit,slice_conditional,0.05,2,OK,True,{'within_slice_duplication_rate': 0.049879081015719466},9001,9166
uci,default_credit,slice_conditional,0.05,3,OK,True,{'within_slice_duplication_rate': 0.05003032140691328},9001,9166
uci,default_credit,slice_conditional,0.1,1,OK,True,{'within_slice_duplication_rate': 0.09991105840498073},9001,9338
uci,default_credit,slice_conditional,0.1,2,OK,True,{'within_slice_duplication_rate': 0.10006045949214026},9001,9332
uci,default_credit,slice_conditional,0.1,3,OK,True,{'within_slice_duplication_rate': 0.10006064281382657},9001,9331
uci,default_credit,slice_conditional,0.15,1,OK,True,{'within_slice_duplication_rate': 0.15001482359916987},9001,9507
uci,default_credit,slice_conditional,0.15,2,OK,True,{'within_slice_duplication_rate': 0.14993954050785974},9001,9497
uci,default_credit,slice_conditional,0.15,3,OK,True,{'within_slice_duplication_rate': 0.15009096422073984},9001,9496
uci,default_credit,slice_conditional,0.2,1,OK,True,{'within_slice_duplication_rate': 0.20011858879335903},9001,9676
uci,default_credit,slice_conditional,0.2,2,OK,True,{'within_slice_duplication_rate': 0.20012091898428053},9001,9663
uci,default_credit,slice_conditional,0.2,3,OK,True,{'within_slice_duplication_rate': 0.20012128562765313},9001,9661
uci,default_credit,slice_conditional,0.25,1,OK,True,{'within_slice_duplication_rate': 0.2499258820041506},9001,9844
uci,default_credit,slice_conditional,0.25,2,OK,True,{'within_slice_duplication_rate': 0.25},9001,9828
uci,default_credit,slice_conditional,0.25,3,OK,True,{'within_slice_duplication_rate': 0.2498483929654336},9001,9825
uci,diabetes_readmission,global,0.05,1,OK,True,{'duplication_rate': 0.049996666888874074},15001,15751
uci,diabetes_readmission,global,0.05,2,OK,True,{'duplication_rate': 0.049996666888874074},15001,15751
uci,diabetes_readmission,global,0.05,3,OK,True,{'duplication_rate': 0.049996666888874074},15001,15751
uci,diabetes_readmission,global,0.1,1,OK,True,{'duplication_rate': 0.09999333377774815},15001,16501
uci,diabetes_readmission,global,0.1,2,OK,True,{'duplication_rate': 0.09999333377774815},15001,16501
uci,diabetes_readmission,global,0.1,3,OK,True,{'duplication_rate': 0.09999333377774815},15001,16501
uci,diabetes_readmission,global,0.15,1,OK,True,{'duplication_rate': 0.14999000066662221},15001,17251
uci,diabetes_readmission,global,0.15,2,OK,True,{'duplication_rate': 0.14999000066662221},15001,17251
uci,diabetes_readmission,global,0.15,3,OK,True,{'duplication_rate': 0.14999000066662221},15001,17251
uci,diabetes_readmission,global,0.2,1,OK,True,{'duplication_rate': 0.1999866675554963},15001,18001
uci,diabetes_readmission,global,0.2,2,OK,True,{'duplication_rate': 0.1999866675554963},15001,18001
uci,diabetes_readmission,global,0.2,3,OK,True,{'duplication_rate': 0.1999866675554963},15001,18001
uci,diabetes_readmission,global,0.25,1,OK,True,{'duplication_rate': 0.24998333444437038},15001,18751
uci,diabetes_readmission,global,0.25,2,OK,True,{'duplication_rate': 0.24998333444437038},15001,18751
uci,diabetes_readmission,global,0.25,3,OK,True,{'duplication_rate': 0.24998333444437038},15001,18751
uci,diabetes_readmission,slice_conditional,0.05,1,OK,True,{'within_slice_duplication_rate': 0.05008210180623974},15001,15245
uci,diabetes_readmission,slice_conditional,0.05,2,OK,True,{'within_slice_duplication_rate': 0.049901077159815344},15001,15228
uci,diabetes_readmission,slice_conditional,0.05,3,OK,True,{'within_slice_duplication_rate': 0.05003207184092367},15001,15235
uci,diabetes_readmission,slice_conditional,0.1,1,OK,True,{'within_slice_duplication_rate': 0.09995894909688013},15001,15488
uci,diabetes_readmission,slice_conditional,0.1,2,OK,True,{'within_slice_duplication_rate': 0.10002198285337437},15001,15456
uci,diabetes_readmission,slice_conditional,0.1,3,OK,True,{'within_slice_duplication_rate': 0.10006414368184734},15001,15469
uci,diabetes_readmission,slice_conditional,0.15,1,OK,True,{'within_slice_duplication_rate': 0.15004105090311987},15001,15732
uci,diabetes_readmission,slice_conditional,0.15,2,OK,True,{'within_slice_duplication_rate': 0.14992306001318972},15001,15683
uci,diabetes_readmission,slice_conditional,0.15,3,OK,True,{'within_slice_duplication_rate': 0.150096215522771},15001,15703
uci,diabetes_readmission,slice_conditional,0.2,1,OK,True,{'within_slice_duplication_rate': 0.19991789819376027},15001,15975
uci,diabetes_readmission,slice_conditional,0.2,2,OK,True,{'within_slice_duplication_rate': 0.20004396570674873},15001,15911
uci,diabetes_readmission,slice_conditional,0.2,3,OK,True,{'within_slice_duplication_rate': 0.1999144750908702},15001,15936
uci,diabetes_readmission,slice_conditional,0.25,1,OK,True,{'within_slice_duplication_rate': 0.25},15001,16219
uci,diabetes_readmission,slice_conditional,0.25,2,OK,True,{'within_slice_duplication_rate': 0.24994504286656408},15001,16138
uci,diabetes_readmission,slice_conditional,0.25,3,OK,True,{'within_slice_duplication_rate': 0.24994654693179388},15001,16170
uci,online_shoppers,global,0.05,1,OK,True,{'duplication_rate': 0.05},3700,3885
uci,online_shoppers,global,0.05,2,OK,True,{'duplication_rate': 0.05},3700,3885
uci,online_shoppers,global,0.05,3,OK,True,{'duplication_rate': 0.05},3700,3885
uci,online_shoppers,global,0.1,1,OK,True,{'duplication_rate': 0.1},3700,4070
uci,online_shoppers,global,0.1,2,OK,True,{'duplication_rate': 0.1},3700,4070
uci,online_shoppers,global,0.1,3,OK,True,{'duplication_rate': 0.1},3700,4070
uci,online_shoppers,global,0.15,1,OK,True,{'duplication_rate': 0.15},3700,4255
uci,online_shoppers,global,0.15,2,OK,True,{'duplication_rate': 0.15},3700,4255
uci,online_shoppers,global,0.15,3,OK,True,{'duplication_rate': 0.15},3700,4255
uci,online_shoppers,global,0.2,1,OK,True,{'duplication_rate': 0.2},3700,4440
uci,online_shoppers,global,0.2,2,OK,True,{'duplication_rate': 0.2},3700,4440
uci,online_shoppers,global,0.2,3,OK,True,{'duplication_rate': 0.2},3700,4440
uci,online_shoppers,global,0.25,1,OK,True,{'duplication_rate': 0.25},3700,4625
uci,online_shoppers,global,0.25,2,OK,True,{'duplication_rate': 0.25},3700,4625
uci,online_shoppers,global,0.25,3,OK,True,{'duplication_rate': 0.25},3700,4625
uci,online_shoppers,slice_conditional,0.05,1,OK,True,{'within_slice_duplication_rate': 0.05004240882103478},3700,3759
uci,online_shoppers,slice_conditional,0.05,2,OK,True,{'within_slice_duplication_rate': 0.0499092558983666},3700,3755
uci,online_shoppers,slice_conditional,0.05,3,OK,True,{'within_slice_duplication_rate': 0.05034856700232378},3700,3765
uci,online_shoppers,slice_conditional,0.1,1,OK,True,{'within_slice_duplication_rate': 0.10008481764206956},3700,3818
uci,online_shoppers,slice_conditional,0.1,2,OK,True,{'within_slice_duplication_rate': 0.0998185117967332},3700,3810
uci,online_shoppers,slice_conditional,0.1,3,OK,True,{'within_slice_duplication_rate': 0.09992254066615028},3700,3829
uci,online_shoppers,slice_conditional,0.15,1,OK,True,{'within_slice_duplication_rate': 0.15012722646310434},3700,3877
uci,online_shoppers,slice_conditional,0.15,2,OK,True,{'within_slice_duplication_rate': 0.14972776769509982},3700,3865
uci,online_shoppers,slice_conditional,0.15,3,OK,True,{'within_slice_duplication_rate': 0.15027110766847404},3700,3894
uci,online_shoppers,slice_conditional,0.2,1,OK,True,{'within_slice_duplication_rate': 0.2001696352841391},3700,3936
uci,online_shoppers,slice_conditional,0.2,2,OK,True,{'within_slice_duplication_rate': 0.1996370235934664},3700,3920
uci,online_shoppers,slice_conditional,0.2,3,OK,True,{'within_slice_duplication_rate': 0.19984508133230056},3700,3958
uci,online_shoppers,slice_conditional,0.25,1,OK,True,{'within_slice_duplication_rate': 0.2502120441051739},3700,3995
uci,online_shoppers,slice_conditional,0.25,2,OK,True,{'within_slice_duplication_rate': 0.25045372050816694},3700,3976
uci,online_shoppers,slice_conditional,0.25,3,OK,True,{'within_slice_duplication_rate': 0.2501936483346243},3700,4023
