dataset,source,column,dtype,n_unique,min_observed,max_observed,constraint_type_SUGGESTED,constraint_type_CONFIRMED,auto_note,kishore_note
Airbnb,cleanml,Bathrooms,float64,10,0.0,9.0,no_negative,,"observed min=0 >= 0, no clear name signal — weak guess, please confirm",
Airbnb,cleanml,Bedrooms,float64,10,1.0,10.0,no_negative,,"observed min=1 >= 0, no clear name signal — weak guess, please confirm",
Airbnb,cleanml,Beds,float64,18,0.0,20.0,no_negative,,"observed min=0 >= 0, no clear name signal — weak guess, please confirm",
Airbnb,cleanml,LocationName,str,276,,,categorical,,"non-numeric — not handled by this mechanism, do not annotate as no_negative/range",
Airbnb,cleanml,NumGuests,float64,16,1.0,16.0,no_negative,,"observed min=1 >= 0, no clear name signal — weak guess, please confirm",
Airbnb,cleanml,NumReviews,float64,432,2.0,1099.0,no_negative,,"observed min=2 >= 0, no clear name signal — weak guess, please confirm",
Airbnb,cleanml,Price,float64,504,10.0,999.0,no_negative,,name suggests non-negative quantity; observed min=10 >= 0,
Airbnb,cleanml,Rating,int64,2,0,1,no_negative,,"observed min=0 >= 0, no clear name signal — weak guess, please confirm",
Airbnb,cleanml,latitude,float64,24631,25.45269,47.74276,no_negative,,"observed min=25.5 >= 0, no clear name signal — weak guess, please confirm",
Airbnb,cleanml,longitude,float64,24395,-122.54459,-70.98335,none,,"negative values present (min=-123) — verify: real negative quantity, or undocumented sentinel?",
Airbnb,cleanml,zipcode,int64,362,2108,98177,no_negative,,"observed min=2.11e+03 >= 0, no clear name signal — weak guess, please confirm",
Airbnb,cleanml,pop2016,float64,361,69.0,114602.0,no_negative,,"observed min=69 >= 0, no clear name signal — weak guess, please confirm",
Airbnb,cleanml,pop2010,float64,358,84.0,109931.0,no_negative,,"observed min=84 >= 0, no clear name signal — weak guess, please confirm",
Airbnb,cleanml,pop2000,int64,362,1,106154,no_negative,,"observed min=1 >= 0, no clear name signal — weak guess, please confirm",
Airbnb,cleanml,cost_living_index (US avg. = 100),float64,274,94.9,197.8,no_negative,,name suggests non-negative quantity; observed min=94.9 >= 0,
Airbnb,cleanml,land_area (sq.mi.),float64,93,0.0,41.0,no_negative,,"observed min=0 >= 0, no clear name signal — weak guess, please confirm",
Airbnb,cleanml,water_area (sq.mi.),float64,23,0.0,5.2,no_negative,,"observed min=0 >= 0, no clear name signal — weak guess, please confirm",
Airbnb,cleanml,pop_density (people per mile),int64,360,51,155635,no_negative,,"observed min=51 >= 0, no clear name signal — weak guess, please confirm",
Airbnb,cleanml,number of males,int64,360,49,61376,no_negative,,"observed min=49 >= 0, no clear name signal — weak guess, please confirm",
Airbnb,cleanml,number of females,int64,362,0,56899,no_negative,,"observed min=0 >= 0, no clear name signal — weak guess, please confirm",
Airbnb,cleanml,prop taxes paid 2016,float64,16,0.2,2.3,no_negative,,"observed min=0.2 >= 0, no clear name signal — weak guess, please confirm",
Airbnb,cleanml,median taxes (with mortgage,float64,323,269.0,10587.0,no_negative,,name suggests non-negative quantity; observed min=269 >= 0,
Airbnb,cleanml,median taxes (no mortgage),float64,325,281.0,10810.0,no_negative,,name suggests non-negative quantity; observed min=281 >= 0,
Airbnb,cleanml,median house value,float64,345,53720.0,2219817.0,no_negative,,"observed min=5.37e+04 >= 0, no clear name signal — weak guess, please confirm",
Airbnb,cleanml,median houshold income,float64,358,16309.0,260372.0,no_negative,,name suggests non-negative quantity; observed min=1.63e+04 >= 0,
Airbnb,cleanml,median monthly owner costs (with mortgage),float64,322,759.0,3987.0,no_negative,,name suggests non-negative quantity; observed min=759 >= 0,
Airbnb,cleanml,median monthly owner costs (no mortgage),float64,271,234.0,1513.0,no_negative,,name suggests non-negative quantity; observed min=234 >= 0,
Airbnb,cleanml,median gross rent,float64,320,443.0,3452.0,no_negative,,"observed min=443 >= 0, no clear name signal — weak guess, please confirm",
Airbnb,cleanml,median asking price for vacant for-sale home/condo,float64,307,112123.0,7040133.0,no_negative,,name suggests non-negative quantity; observed min=1.12e+05 >= 0,
Airbnb,cleanml,unemployment (%),float64,117,0.4,19.9,no_negative,,"observed min=0.4 >= 0, no clear name signal — weak guess, please confirm",
Airbnb,cleanml,Number of Homes,float64,361,27.6,45840.8,no_negative,,"observed min=27.6 >= 0, no clear name signal — weak guess, please confirm",
Airbnb,cleanml,Count of Abnb,int64,172,1,4143,no_negative,,name suggests non-negative quantity; observed min=1 >= 0,
Airbnb,cleanml,Density of Abnb (%),float64,361,0.003440114,330.488194,no_negative,,"observed min=0.00344 >= 0, no clear name signal — weak guess, please confirm",
Airbnb,cleanml,Average Abnb Price (by zipcode),float64,359,16.0,347.0,no_negative,,name suggests non-negative quantity; observed min=16 >= 0,
Airbnb,cleanml,Average NumReviews (by zipcode),float64,345,4.0,206.0,no_negative,,name suggests non-negative quantity; observed min=4 >= 0,
Airbnb,cleanml,Average Rating (by zipcode),float64,240,4.25,5.0,no_negative,,name suggests non-negative quantity; observed min=4.25 >= 0,
Airbnb,cleanml,Average Number of Bathrooms (by zipcode),float64,249,0.344827586,3.043478261,no_negative,,name suggests non-negative quantity; observed min=0.345 >= 0,
Airbnb,cleanml,Average Number of Bedrooms (by zipcode),float64,259,0.0,3.333333333,no_negative,,name suggests non-negative quantity; observed min=0 >= 0,
Airbnb,cleanml,Average Number of Beds (by zipcode),float64,292,1.0,6.0,no_negative,,name suggests non-negative quantity; observed min=1 >= 0,
Airbnb,cleanml,Average Number of Guests (by zipcode),float64,292,1.0,6.0,no_negative,,name suggests non-negative quantity; observed min=1 >= 0,
EEG,cleanml,AF3,float64,548,1030.77,309231.0,no_negative,,"observed min=1.03e+03 >= 0, no clear name signal — weak guess, please confirm",
EEG,cleanml,F7,float64,452,2830.77,7804.62,no_negative,,"observed min=2.83e+03 >= 0, no clear name signal — weak guess, please confirm",
EEG,cleanml,F3,float64,345,1040.0,6880.51,no_negative,,"observed min=1.04e+03 >= 0, no clear name signal — weak guess, please confirm",
EEG,cleanml,FC5,float64,312,2453.33,642564.0,no_negative,,"observed min=2.45e+03 >= 0, no clear name signal — weak guess, please confirm",
EEG,cleanml,T7,float64,285,2089.74,6474.36,no_negative,,"observed min=2.09e+03 >= 0, no clear name signal — weak guess, please confirm",
EEG,cleanml,P7,float64,330,2768.21,362564.0,no_negative,,"observed min=2.77e+03 >= 0, no clear name signal — weak guess, please confirm",
EEG,cleanml,O1,float64,290,2086.15,567179.0,no_negative,,"observed min=2.09e+03 >= 0, no clear name signal — weak guess, please confirm",
EEG,cleanml,O2,float64,294,4567.18,7264.1,no_negative,,"observed min=4.57e+03 >= 0, no clear name signal — weak guess, please confirm",
EEG,cleanml,P8,float64,304,1357.95,265641.0,no_negative,,"observed min=1.36e+03 >= 0, no clear name signal — weak guess, please confirm",
EEG,cleanml,T8,float64,346,1816.41,6674.36,no_negative,,"observed min=1.82e+03 >= 0, no clear name signal — weak guess, please confirm",
EEG,cleanml,FC6,float64,419,3273.33,6823.08,no_negative,,"observed min=3.27e+03 >= 0, no clear name signal — weak guess, please confirm",
EEG,cleanml,F4,float64,343,2257.95,7002.56,no_negative,,"observed min=2.26e+03 >= 0, no clear name signal — weak guess, please confirm",
EEG,cleanml,F8,float64,558,86.6667,152308.0,no_negative,,"observed min=86.7 >= 0, no clear name signal — weak guess, please confirm",
EEG,cleanml,AF4,float64,592,1366.15,715897.0,no_negative,,"observed min=1.37e+03 >= 0, no clear name signal — weak guess, please confirm",
EEG,cleanml,Eye,int64,2,0,1,no_negative,,"observed min=0 >= 0, no clear name signal — weak guess, please confirm",
ACSIncome,folktables,AGEP,float64,75,17.0,94.0,no_negative,,name suggests non-negative quantity; observed min=17 >= 0,
ACSIncome,folktables,COW,float64,8,1.0,8.0,no_negative,,"observed min=1 >= 0, no clear name signal — weak guess, please confirm",
ACSIncome,folktables,SCHL,float64,24,1.0,24.0,no_negative,,"observed min=1 >= 0, no clear name signal — weak guess, please confirm",
ACSIncome,folktables,MAR,float64,5,1.0,5.0,no_negative,,"observed min=1 >= 0, no clear name signal — weak guess, please confirm",
ACSIncome,folktables,OCCP,float64,524,10.0,9830.0,no_negative,,"observed min=10 >= 0, no clear name signal — weak guess, please confirm",
ACSIncome,folktables,POBP,float64,209,1.0,554.0,no_negative,,"observed min=1 >= 0, no clear name signal — weak guess, please confirm",
ACSIncome,folktables,RELP,float64,18,0.0,17.0,no_negative,,"observed min=0 >= 0, no clear name signal — weak guess, please confirm",
ACSIncome,folktables,WKHP,float64,93,1.0,99.0,no_negative,,"observed min=1 >= 0, no clear name signal — weak guess, please confirm",
ACSIncome,folktables,SEX,float64,2,1.0,2.0,no_negative,,"observed min=1 >= 0, no clear name signal — weak guess, please confirm",
ACSIncome,folktables,RAC1P,float64,9,1.0,9.0,no_negative,,"observed min=1 >= 0, no clear name signal — weak guess, please confirm",
ACSIncome,folktables,target,int64,2,0,1,no_negative,,"observed min=0 >= 0, no clear name signal — weak guess, please confirm",
ACSPublicCoverage,folktables,AGEP,float64,50,15.0,64.0,no_negative,,name suggests non-negative quantity; observed min=15 >= 0,
ACSPublicCoverage,folktables,SCHL,float64,24,1.0,24.0,no_negative,,"observed min=1 >= 0, no clear name signal — weak guess, please confirm",
ACSPublicCoverage,folktables,MAR,float64,5,1.0,5.0,no_negative,,"observed min=1 >= 0, no clear name signal — weak guess, please confirm",
ACSPublicCoverage,folktables,SEX,float64,2,1.0,2.0,no_negative,,"observed min=1 >= 0, no clear name signal — weak guess, please confirm",
ACSPublicCoverage,folktables,DIS,float64,2,1.0,2.0,no_negative,,"observed min=1 >= 0, no clear name signal — weak guess, please confirm",
ACSPublicCoverage,folktables,ESP,float64,9,0.0,8.0,no_negative,,"observed min=0 >= 0, no clear name signal — weak guess, please confirm",
ACSPublicCoverage,folktables,CIT,float64,5,1.0,5.0,no_negative,,"observed min=1 >= 0, no clear name signal — weak guess, please confirm",
ACSPublicCoverage,folktables,MIG,float64,3,1.0,3.0,no_negative,,"observed min=1 >= 0, no clear name signal — weak guess, please confirm",
ACSPublicCoverage,folktables,MIL,float64,5,0.0,4.0,no_negative,,"observed min=0 >= 0, no clear name signal — weak guess, please confirm",
ACSPublicCoverage,folktables,ANC,float64,4,1.0,4.0,no_negative,,"observed min=1 >= 0, no clear name signal — weak guess, please confirm",
ACSPublicCoverage,folktables,NATIVITY,float64,2,1.0,2.0,no_negative,,"observed min=1 >= 0, no clear name signal — weak guess, please confirm",
ACSPublicCoverage,folktables,DEAR,float64,2,1.0,2.0,no_negative,,"observed min=1 >= 0, no clear name signal — weak guess, please confirm",
ACSPublicCoverage,folktables,DEYE,float64,2,1.0,2.0,no_negative,,"observed min=1 >= 0, no clear name signal — weak guess, please confirm",
ACSPublicCoverage,folktables,DREM,float64,2,1.0,2.0,no_negative,,"observed min=1 >= 0, no clear name signal — weak guess, please confirm",
ACSPublicCoverage,folktables,PINCP,float64,911,-7100.0,30000.0,none,,"negative values present (min=-7.1e+03) — verify: real negative quantity, or undocumented sentinel?",
ACSPublicCoverage,folktables,ESR,float64,6,0.0,6.0,no_negative,,"observed min=0 >= 0, no clear name signal — weak guess, please confirm",
ACSPublicCoverage,folktables,FER,float64,3,0.0,2.0,no_negative,,"observed min=0 >= 0, no clear name signal — weak guess, please confirm",
ACSPublicCoverage,folktables,RAC1P,float64,9,1.0,9.0,no_negative,,"observed min=1 >= 0, no clear name signal — weak guess, please confirm",
ACSPublicCoverage,folktables,target,int64,2,0,1,no_negative,,"observed min=0 >= 0, no clear name signal — weak guess, please confirm",
MagicTelescope,openml,fLength:,float64,18643,4.2835,334.177,no_negative,,name suggests non-negative quantity; observed min=4.28 >= 0,
MagicTelescope,openml,fWidth:,float64,18200,0.0,256.382,no_negative,,"observed min=0 >= 0, no clear name signal — weak guess, please confirm",
MagicTelescope,openml,fSize:,float64,7228,1.9413,5.3233,no_negative,,name suggests non-negative quantity; observed min=1.94 >= 0,
MagicTelescope,openml,fConc:,float64,6410,0.0131,0.893,no_negative,,"observed min=0.0131 >= 0, no clear name signal — weak guess, please confirm",
MagicTelescope,openml,fConc1:,float64,4421,0.0003,0.6752,no_negative,,"observed min=0.0003 >= 0, no clear name signal — weak guess, please confirm",
MagicTelescope,openml,fAsym:,float64,18704,-457.9161,575.2407,none,,"negative values present (min=-458) — verify: real negative quantity, or undocumented sentinel?",
MagicTelescope,openml,fM3Long:,float64,18693,-331.78,238.321,none,,"negative values present (min=-332) — verify: real negative quantity, or undocumented sentinel?",
MagicTelescope,openml,fM3Trans:,float64,18390,-205.8947,179.851,none,,"negative values present (min=-206) — verify: real negative quantity, or undocumented sentinel?",
MagicTelescope,openml,fAlpha:,float64,17981,0.0,90.0,no_negative,,"observed min=0 >= 0, no clear name signal — weak guess, please confirm",
MagicTelescope,openml,fDist:,float64,18437,1.2826,495.561,no_negative,,"observed min=1.28 >= 0, no clear name signal — weak guess, please confirm",
MagicTelescope,openml,class:,int64,2,0,1,no_negative,,"observed min=0 >= 0, no clear name signal — weak guess, please confirm",
bank-marketing,openml,V1,uint8,77,18,95,no_negative,,"observed min=18 >= 0, no clear name signal — weak guess, please confirm",
bank-marketing,openml,V2,category,12,,,categorical,,"non-numeric — not handled by this mechanism, do not annotate as no_negative/range",
bank-marketing,openml,V3,category,3,,,categorical,,"non-numeric — not handled by this mechanism, do not annotate as no_negative/range",
bank-marketing,openml,V4,category,4,,,categorical,,"non-numeric — not handled by this mechanism, do not annotate as no_negative/range",
bank-marketing,openml,V5,category,2,,,categorical,,"non-numeric — not handled by this mechanism, do not annotate as no_negative/range",
bank-marketing,openml,V6,float64,7168,-8019.0,102127.0,none,,"negative values present (min=-8.02e+03) — verify: real negative quantity, or undocumented sentinel?",
bank-marketing,openml,V7,category,2,,,categorical,,"non-numeric — not handled by this mechanism, do not annotate as no_negative/range",
bank-marketing,openml,V8,category,2,,,categorical,,"non-numeric — not handled by this mechanism, do not annotate as no_negative/range",
bank-marketing,openml,V9,category,3,,,categorical,,"non-numeric — not handled by this mechanism, do not annotate as no_negative/range",
bank-marketing,openml,V10,uint8,31,1,31,no_negative,,"observed min=1 >= 0, no clear name signal — weak guess, please confirm",
bank-marketing,openml,V11,category,12,,,categorical,,"non-numeric — not handled by this mechanism, do not annotate as no_negative/range",
bank-marketing,openml,V13,uint8,48,1,63,no_negative,,"observed min=1 >= 0, no clear name signal — weak guess, please confirm",
bank-marketing,openml,V14,float64,559,-1.0,871.0,none,,"no constraint signal found; observed range=[-1, 871]",
bank-marketing,openml,V15,float64,41,0.0,275.0,no_negative,,"observed min=0 >= 0, no clear name signal — weak guess, please confirm",
bank-marketing,openml,V16,category,4,,,categorical,,"non-numeric — not handled by this mechanism, do not annotate as no_negative/range",
bank-marketing,openml,Class,int64,2,0,1,no_negative,,"observed min=0 >= 0, no clear name signal — weak guess, please confirm",
churn,openml,state,uint8,51,0,50,no_negative,,"observed min=0 >= 0, no clear name signal — weak guess, please confirm",
churn,openml,account_length,uint8,218,1,243,no_negative,,name suggests non-negative quantity; observed min=1 >= 0,
churn,openml,area_code,category,3,,,categorical,,"non-numeric — not handled by this mechanism, do not annotate as no_negative/range",
churn,openml,international_plan,category,2,,,categorical,,"non-numeric — not handled by this mechanism, do not annotate as no_negative/range",
churn,openml,voice_mail_plan,category,2,,,categorical,,"non-numeric — not handled by this mechanism, do not annotate as no_negative/range",
churn,openml,number_vmail_messages,uint8,48,0,52,no_negative,,name suggests non-negative quantity; observed min=0 >= 0,
churn,openml,total_day_minutes,float64,1961,0.0,351.5,no_negative,,name suggests non-negative quantity; observed min=0 >= 0,
churn,openml,total_day_calls,uint8,123,0,165,no_negative,,name suggests non-negative quantity; observed min=0 >= 0,
churn,openml,total_eve_minutes,float64,1879,0.0,363.7,no_negative,,name suggests non-negative quantity; observed min=0 >= 0,
churn,openml,total_eve_calls,uint8,126,0,170,no_negative,,name suggests non-negative quantity; observed min=0 >= 0,
churn,openml,total_night_minutes,float64,1853,0.0,395.0,no_negative,,name suggests non-negative quantity; observed min=0 >= 0,
churn,openml,total_night_calls,uint8,131,0,175,no_negative,,name suggests non-negative quantity; observed min=0 >= 0,
churn,openml,total_intl_minutes,float64,170,0.0,20.0,no_negative,,name suggests non-negative quantity; observed min=0 >= 0,
churn,openml,total_intl_calls,uint8,21,0,20,no_negative,,name suggests non-negative quantity; observed min=0 >= 0,
churn,openml,number_customer_service_calls,category,10,,,categorical,,"non-numeric — not handled by this mechanism, do not annotate as no_negative/range",
churn,openml,class,int64,2,0,1,no_negative,,"observed min=0 >= 0, no clear name signal — weak guess, please confirm",
electricity,openml,day,category,7,,,categorical,,"non-numeric — not handled by this mechanism, do not annotate as no_negative/range",
electricity,openml,period,float64,48,0.0,1.0,no_negative,,"observed min=0 >= 0, no clear name signal — weak guess, please confirm",
electricity,openml,nswprice,float64,4089,0.0,1.0,no_negative,,name suggests non-negative quantity; observed min=0 >= 0,
electricity,openml,nswdemand,float64,5266,0.0,1.0,no_negative,,"observed min=0 >= 0, no clear name signal — weak guess, please confirm",
electricity,openml,vicprice,float64,3798,0.0,1.0,no_negative,,name suggests non-negative quantity; observed min=0 >= 0,
electricity,openml,vicdemand,float64,2846,0.0,1.0,no_negative,,"observed min=0 >= 0, no clear name signal — weak guess, please confirm",
electricity,openml,transfer,float64,1878,0.0,1.0,no_negative,,"observed min=0 >= 0, no clear name signal — weak guess, please confirm",
electricity,openml,class,int64,2,0,1,no_negative,,"observed min=0 >= 0, no clear name signal — weak guess, please confirm",
heloc,openml,ExternalRiskEstimate,int64,61,-9,94,none,,"negative values present (min=-9) — verify: real negative quantity, or undocumented sentinel?",
heloc,openml,MSinceOldestTradeOpen,int64,526,-9,803,none,,"negative values present (min=-9) — verify: real negative quantity, or undocumented sentinel?",
heloc,openml,MSinceMostRecentTradeOpen,int64,112,-9,383,none,,"negative values present (min=-9) — verify: real negative quantity, or undocumented sentinel?",
heloc,openml,AverageMInFile,int64,237,-9,383,none,,"negative values present (min=-9) — verify: real negative quantity, or undocumented sentinel?",
heloc,openml,NumSatisfactoryTrades,int64,74,-9,79,none,,"negative values present (min=-9) — verify: real negative quantity, or undocumented sentinel?",
heloc,openml,NumTrades60Ever2DerogPubRec,int64,19,-9,19,none,,"negative values present (min=-9) — verify: real negative quantity, or undocumented sentinel?",
heloc,openml,NumTrades90Ever2DerogPubRec,int64,17,-9,19,none,,"negative values present (min=-9) — verify: real negative quantity, or undocumented sentinel?",
heloc,openml,PercentTradesNeverDelq,int64,72,-9,100,none,,"negative values present (min=-9) — verify: real negative quantity, or undocumented sentinel?",
heloc,openml,MSinceMostRecentDelq,int64,87,-9,83,none,,"negative values present (min=-9) — verify: real negative quantity, or undocumented sentinel?",
heloc,openml,MaxDelq2PublicRecLast12M,int64,10,-9,9,none,,"negative values present (min=-9) — verify: real negative quantity, or undocumented sentinel?",
heloc,openml,MaxDelqEver,int64,8,-9,8,none,,"negative values present (min=-9) — verify: real negative quantity, or undocumented sentinel?",
heloc,openml,NumTotalTrades,int64,88,-9,104,none,,"negative values present (min=-9) — verify: real negative quantity, or undocumented sentinel?",
heloc,openml,NumTradesOpeninLast12M,int64,19,-9,19,none,,"negative values present (min=-9) — verify: real negative quantity, or undocumented sentinel?",
heloc,openml,PercentInstallTrades,int64,96,-9,100,none,,"negative values present (min=-9) — verify: real negative quantity, or undocumented sentinel?",
heloc,openml,MSinceMostRecentInqexcl7days,int64,28,-9,24,none,,"negative values present (min=-9) — verify: real negative quantity, or undocumented sentinel?",
heloc,openml,NumInqLast6M,int64,27,-9,66,none,,"negative values present (min=-9) — verify: real negative quantity, or undocumented sentinel?",
heloc,openml,NumInqLast6Mexcl7days,int64,27,-9,66,none,,"negative values present (min=-9) — verify: real negative quantity, or undocumented sentinel?",
heloc,openml,NetFractionRevolvingBurden,int64,128,-9,232,none,,"negative values present (min=-9) — verify: real negative quantity, or undocumented sentinel?",
heloc,openml,NetFractionInstallBurden,int64,139,-9,471,none,,"negative values present (min=-9) — verify: real negative quantity, or undocumented sentinel?",
heloc,openml,NumRevolvingTradesWBalance,int64,31,-9,32,none,,"negative values present (min=-9) — verify: real negative quantity, or undocumented sentinel?",
heloc,openml,NumInstallTradesWBalance,int64,20,-9,23,none,,"negative values present (min=-9) — verify: real negative quantity, or undocumented sentinel?",
heloc,openml,NumBank2NatlTradesWHighUtilization,int64,19,-9,18,none,,"negative values present (min=-9) — verify: real negative quantity, or undocumented sentinel?",
heloc,openml,PercentTradesWBalance,int64,95,-9,100,none,,"negative values present (min=-9) — verify: real negative quantity, or undocumented sentinel?",
heloc,openml,RiskPerformance,int64,2,0,1,no_negative,,"observed min=0 >= 0, no clear name signal — weak guess, please confirm",
jm1,openml,loc,float64,365,1.0,3442.0,no_negative,,"observed min=1 >= 0, no clear name signal — weak guess, please confirm",
jm1,openml,v(g),float64,108,1.0,470.0,no_negative,,"observed min=1 >= 0, no clear name signal — weak guess, please confirm",
jm1,openml,ev(g),float64,74,1.0,165.0,no_negative,,"observed min=1 >= 0, no clear name signal — weak guess, please confirm",
jm1,openml,iv(g),float64,82,1.0,402.0,no_negative,,"observed min=1 >= 0, no clear name signal — weak guess, please confirm",
jm1,openml,n,float64,806,0.0,8441.0,no_negative,,"observed min=0 >= 0, no clear name signal — weak guess, please confirm",
jm1,openml,v,float64,3991,0.0,80843.08,no_negative,,"observed min=0 >= 0, no clear name signal — weak guess, please confirm",
jm1,openml,l,float64,55,0.0,1.3,no_negative,,"observed min=0 >= 0, no clear name signal — weak guess, please confirm",
jm1,openml,d,float64,2695,0.0,418.2,no_negative,,"observed min=0 >= 0, no clear name signal — weak guess, please confirm",
jm1,openml,i,float64,4268,0.0,569.78,no_negative,,"observed min=0 >= 0, no clear name signal — weak guess, please confirm",
jm1,openml,e,float64,6978,0.0,31079782.27,no_negative,,"observed min=0 >= 0, no clear name signal — weak guess, please confirm",
jm1,openml,b,float64,310,0.0,26.95,no_negative,,"observed min=0 >= 0, no clear name signal — weak guess, please confirm",
jm1,openml,t,float64,6761,0.0,1726654.57,no_negative,,"observed min=0 >= 0, no clear name signal — weak guess, please confirm",
jm1,openml,lOCode,float64,291,0.0,2824.0,no_negative,,"observed min=0 >= 0, no clear name signal — weak guess, please confirm",
jm1,openml,lOComment,float64,88,0.0,344.0,no_negative,,"observed min=0 >= 0, no clear name signal — weak guess, please confirm",
jm1,openml,lOBlank,float64,95,0.0,447.0,no_negative,,"observed min=0 >= 0, no clear name signal — weak guess, please confirm",
jm1,openml,locCodeAndComment,uint8,30,0,108,no_negative,,"observed min=0 >= 0, no clear name signal — weak guess, please confirm",
jm1,openml,uniq_Op,float64,68,0.0,411.0,no_negative,,"observed min=0 >= 0, no clear name signal — weak guess, please confirm",
jm1,openml,uniq_Opnd,float64,171,0.0,1026.0,no_negative,,"observed min=0 >= 0, no clear name signal — weak guess, please confirm",
jm1,openml,total_Op,float64,581,0.0,5420.0,no_negative,,name suggests non-negative quantity; observed min=0 >= 0,
jm1,openml,total_Opnd,float64,468,0.0,3021.0,no_negative,,name suggests non-negative quantity; observed min=0 >= 0,
jm1,openml,branchCount,float64,146,1.0,826.0,no_negative,,name suggests non-negative quantity; observed min=1 >= 0,
jm1,openml,defects,int64,2,0,1,no_negative,,"observed min=0 >= 0, no clear name signal — weak guess, please confirm",
kick,openml,Auction,category,3,,,categorical,,"non-numeric — not handled by this mechanism, do not annotate as no_negative/range",
kick,openml,VehYear,float64,9,2001.0,2009.0,no_negative,,"observed min=2e+03 >= 0, no clear name signal — weak guess, please confirm",
kick,openml,VehicleAge,uint8,10,0,9,no_negative,,name suggests non-negative quantity; observed min=0 >= 0,
kick,openml,Make,category,32,,,categorical,,"non-numeric — not handled by this mechanism, do not annotate as no_negative/range",
kick,openml,Model,category,999,,,categorical,,"non-numeric — not handled by this mechanism, do not annotate as no_negative/range",
kick,openml,Trim,category,129,,,categorical,,"non-numeric — not handled by this mechanism, do not annotate as no_negative/range",
kick,openml,SubModel,category,799,,,categorical,,"non-numeric — not handled by this mechanism, do not annotate as no_negative/range",
kick,openml,Color,category,16,,,categorical,,"non-numeric — not handled by this mechanism, do not annotate as no_negative/range",
kick,openml,Transmission,category,3,,,categorical,,"non-numeric — not handled by this mechanism, do not annotate as no_negative/range",
kick,openml,WheelTypeID,category,4,,,categorical,,"non-numeric — not handled by this mechanism, do not annotate as no_negative/range",
kick,openml,WheelType,category,3,,,categorical,,"non-numeric — not handled by this mechanism, do not annotate as no_negative/range",
kick,openml,VehOdo,float64,32208,4825.0,115026.0,no_negative,,"observed min=4.82e+03 >= 0, no clear name signal — weak guess, please confirm",
kick,openml,Nationality,category,4,,,categorical,,"non-numeric — not handled by this mechanism, do not annotate as no_negative/range",
kick,openml,Size,category,12,,,categorical,,"non-numeric — not handled by this mechanism, do not annotate as no_negative/range",
kick,openml,TopThreeAmericanName,category,4,,,categorical,,"non-numeric — not handled by this mechanism, do not annotate as no_negative/range",
kick,openml,MMRAcquisitionAuctionAveragePrice,float64,9649,0.0,33543.0,no_negative,,name suggests non-negative quantity; observed min=0 >= 0,
kick,openml,MMRAcquisitionAuctionCleanPrice,float64,10511,0.0,36701.0,no_negative,,name suggests non-negative quantity; observed min=0 >= 0,
kick,openml,MMRAcquisitionRetailAveragePrice,float64,11700,0.0,37885.0,no_negative,,name suggests non-negative quantity; observed min=0 >= 0,
kick,openml,MMRAcquisitonRetailCleanPrice,float64,12313,0.0,41482.0,no_negative,,name suggests non-negative quantity; observed min=0 >= 0,
kick,openml,MMRCurrentAuctionAveragePrice,float64,9612,0.0,33369.0,no_negative,,name suggests non-negative quantity; observed min=0 >= 0,
kick,openml,MMRCurrentAuctionCleanPrice,float64,10395,0.0,36478.0,no_negative,,name suggests non-negative quantity; observed min=0 >= 0,
kick,openml,MMRCurrentRetailAveragePrice,float64,11467,0.0,38151.0,no_negative,,name suggests non-negative quantity; observed min=0 >= 0,
kick,openml,MMRCurrentRetailCleanPrice,float64,12042,0.0,41062.0,no_negative,,name suggests non-negative quantity; observed min=0 >= 0,
kick,openml,PRIMEUNIT,category,2,,,categorical,,"non-numeric — not handled by this mechanism, do not annotate as no_negative/range",
kick,openml,AUCGUART,category,2,,,categorical,,"non-numeric — not handled by this mechanism, do not annotate as no_negative/range",
kick,openml,BYRNO,category,70,,,categorical,,"non-numeric — not handled by this mechanism, do not annotate as no_negative/range",
kick,openml,VNZIP1,category,150,,,categorical,,"non-numeric — not handled by this mechanism, do not annotate as no_negative/range",
kick,openml,VNST,category,37,,,categorical,,"non-numeric — not handled by this mechanism, do not annotate as no_negative/range",
kick,openml,VehBCost,float64,1932,1.0,45469.0,no_negative,,name suggests non-negative quantity; observed min=1 >= 0,
kick,openml,IsOnlineSale,category,2,,,categorical,,"non-numeric — not handled by this mechanism, do not annotate as no_negative/range",
kick,openml,WarrantyCost,float64,271,462.0,7498.0,no_negative,,name suggests non-negative quantity; observed min=462 >= 0,
kick,openml,IsBadBuy,int64,2,0,1,no_negative,,"observed min=0 >= 0, no clear name signal — weak guess, please confirm",
phoneme,openml,V1,float64,5336,-2.933743,3.828575,none,,"negative values present (min=-2.93) — verify: real negative quantity, or undocumented sentinel?",
phoneme,openml,V2,float64,5312,-3.038709,3.664763,none,,"negative values present (min=-3.04) — verify: real negative quantity, or undocumented sentinel?",
phoneme,openml,V3,float64,5308,-2.795869,2.630868,none,,"negative values present (min=-2.8) — verify: real negative quantity, or undocumented sentinel?",
phoneme,openml,V4,float64,5336,-2.48534,3.046948,none,,"negative values present (min=-2.49) — verify: real negative quantity, or undocumented sentinel?",
phoneme,openml,V5,float64,4499,-2.367461,4.586666,none,,"negative values present (min=-2.37) — verify: real negative quantity, or undocumented sentinel?",
phoneme,openml,Class,int64,2,0,1,no_negative,,"observed min=0 >= 0, no clear name signal — weak guess, please confirm",
road-safety,openml,Vehicle_Reference_df_res,uint8,37,1,37,no_negative,,"observed min=1 >= 0, no clear name signal — weak guess, please confirm",
road-safety,openml,Vehicle_Type,float64,20,1.0,98.0,no_negative,,"observed min=1 >= 0, no clear name signal — weak guess, please confirm",
road-safety,openml,Towing_and_Articulation,float64,6,0.0,5.0,no_negative,,"observed min=0 >= 0, no clear name signal — weak guess, please confirm",
road-safety,openml,Vehicle_Manoeuvre,float64,18,1.0,18.0,no_negative,,"observed min=1 >= 0, no clear name signal — weak guess, please confirm",
road-safety,openml,Vehicle_Location-Restricted_Lane,float64,10,0.0,9.0,no_negative,,"observed min=0 >= 0, no clear name signal — weak guess, please confirm",
road-safety,openml,Junction_Location,float64,9,0.0,8.0,no_negative,,name suggests non-negative quantity; observed min=0 >= 0,
road-safety,openml,Skidding_and_Overturning,float64,6,0.0,5.0,no_negative,,"observed min=0 >= 0, no clear name signal — weak guess, please confirm",
road-safety,openml,Hit_Object_in_Carriageway,float64,12,0.0,12.0,no_negative,,name suggests non-negative quantity; observed min=0 >= 0,
road-safety,openml,Vehicle_Leaving_Carriageway,float64,9,0.0,8.0,no_negative,,name suggests non-negative quantity; observed min=0 >= 0,
road-safety,openml,Hit_Object_off_Carriageway,float64,12,0.0,11.0,no_negative,,name suggests non-negative quantity; observed min=0 >= 0,
road-safety,openml,1st_Point_of_Impact,float64,5,0.0,4.0,no_negative,,"observed min=0 >= 0, no clear name signal — weak guess, please confirm",
road-safety,openml,Was_Vehicle_Left_Hand_Drive?,float64,2,1.0,2.0,no_negative,,"observed min=1 >= 0, no clear name signal — weak guess, please confirm",
road-safety,openml,Journey_Purpose_of_Driver,float64,6,1.0,6.0,no_negative,,"observed min=1 >= 0, no clear name signal — weak guess, please confirm",
road-safety,openml,Age_of_Driver,float64,91,4.0,94.0,no_negative,,name suggests non-negative quantity; observed min=4 >= 0,
road-safety,openml,Age_Band_of_Driver,float64,11,1.0,11.0,no_negative,,name suggests non-negative quantity; observed min=1 >= 0,
road-safety,openml,Engine_Capacity_(CC),float64,743,48.0,18146.0,no_negative,,"observed min=48 >= 0, no clear name signal — weak guess, please confirm",
road-safety,openml,Propulsion_Code,float64,10,1.0,12.0,no_negative,,name suggests non-negative quantity; observed min=1 >= 0,
road-safety,openml,Age_of_Vehicle,float64,52,1.0,104.0,no_negative,,name suggests non-negative quantity; observed min=1 >= 0,
road-safety,openml,Driver_Home_Area_Type,float64,3,1.0,3.0,no_negative,,"observed min=1 >= 0, no clear name signal — weak guess, please confirm",
road-safety,openml,Location_Easting_OSGR,float64,28916,70860.0,655022.0,no_negative,,name suggests non-negative quantity; observed min=7.09e+04 >= 0,
road-safety,openml,Location_Northing_OSGR,float64,29069,10628.0,1145671.0,no_negative,,name suggests non-negative quantity; observed min=1.06e+04 >= 0,
road-safety,openml,Longitude,float64,35020,-7.422915,1.7548709999999998,none,,"negative values present (min=-7.42) — verify: real negative quantity, or undocumented sentinel?",
road-safety,openml,Latitude,float64,34904,49.915618,60.193203,no_negative,,"observed min=49.9 >= 0, no clear name signal — weak guess, please confirm",
road-safety,openml,Police_Force,float64,49,1.0,98.0,no_negative,,"observed min=1 >= 0, no clear name signal — weak guess, please confirm",
road-safety,openml,Accident_Severity,float64,3,1.0,3.0,no_negative,,"observed min=1 >= 0, no clear name signal — weak guess, please confirm",
road-safety,openml,Number_of_Vehicles,float64,15,1.0,37.0,no_negative,,"observed min=1 >= 0, no clear name signal — weak guess, please confirm",
road-safety,openml,Number_of_Casualties,float64,21,1.0,38.0,no_negative,,"observed min=1 >= 0, no clear name signal — weak guess, please confirm",
road-safety,openml,Date,str,365,,,categorical,,"non-numeric — not handled by this mechanism, do not annotate as no_negative/range",
road-safety,openml,Day_of_Week,float64,7,1.0,7.0,no_negative,,"observed min=1 >= 0, no clear name signal — weak guess, please confirm",
road-safety,openml,Time,str,1392,,,categorical,,"non-numeric — not handled by this mechanism, do not annotate as no_negative/range",
road-safety,openml,Local_Authority_(District),float64,356,1.0,941.0,no_negative,,"observed min=1 >= 0, no clear name signal — weak guess, please confirm",
road-safety,openml,Local_Authority_(Highway),str,204,,,categorical,,"non-numeric — not handled by this mechanism, do not annotate as no_negative/range",
road-safety,openml,1st_Road_Class,float64,6,1.0,6.0,no_negative,,"observed min=1 >= 0, no clear name signal — weak guess, please confirm",
road-safety,openml,1st_Road_Number,float64,2875,0.0,9704.0,no_negative,,"observed min=0 >= 0, no clear name signal — weak guess, please confirm",
road-safety,openml,Road_Type,float64,6,1.0,9.0,no_negative,,"observed min=1 >= 0, no clear name signal — weak guess, please confirm",
road-safety,openml,Speed_limit,float64,7,10.0,70.0,no_negative,,"observed min=10 >= 0, no clear name signal — weak guess, please confirm",
road-safety,openml,Junction_Detail,float64,9,0.0,9.0,no_negative,,name suggests non-negative quantity; observed min=0 >= 0,
road-safety,openml,Junction_Control,float64,4,1.0,4.0,no_negative,,name suggests non-negative quantity; observed min=1 >= 0,
road-safety,openml,2nd_Road_Class,float64,6,1.0,6.0,no_negative,,"observed min=1 >= 0, no clear name signal — weak guess, please confirm",
road-safety,openml,2nd_Road_Number,float64,2370,0.0,9999.0,no_negative,,"observed min=0 >= 0, no clear name signal — weak guess, please confirm",
road-safety,openml,Pedestrian_Crossing-Human_Control,float64,3,0.0,2.0,no_negative,,name suggests non-negative quantity; observed min=0 >= 0,
road-safety,openml,Pedestrian_Crossing-Physical_Facilities,float64,6,0.0,8.0,no_negative,,name suggests non-negative quantity; observed min=0 >= 0,
road-safety,openml,Light_Conditions,float64,5,1.0,7.0,no_negative,,"observed min=1 >= 0, no clear name signal — weak guess, please confirm",
road-safety,openml,Weather_Conditions,float64,9,1.0,9.0,no_negative,,"observed min=1 >= 0, no clear name signal — weak guess, please confirm",
road-safety,openml,Road_Surface_Conditions,float64,5,1.0,5.0,no_negative,,"observed min=1 >= 0, no clear name signal — weak guess, please confirm",
road-safety,openml,Special_Conditions_at_Site,float64,8,0.0,7.0,no_negative,,"observed min=0 >= 0, no clear name signal — weak guess, please confirm",
road-safety,openml,Carriageway_Hazards,float64,6,0.0,7.0,no_negative,,name suggests non-negative quantity; observed min=0 >= 0,
road-safety,openml,Urban_or_Rural_Area,float64,2,1.0,2.0,no_negative,,name suggests non-negative quantity; observed min=1 >= 0,
road-safety,openml,Did_Police_Officer_Attend_Scene_of_Accident,float64,3,1.0,3.0,no_negative,,"observed min=1 >= 0, no clear name signal — weak guess, please confirm",
road-safety,openml,Vehicle_Reference_df,uint8,28,1,32,no_negative,,"observed min=1 >= 0, no clear name signal — weak guess, please confirm",
road-safety,openml,Casualty_Reference,uint8,37,1,37,no_negative,,"observed min=1 >= 0, no clear name signal — weak guess, please confirm",
road-safety,openml,Casualty_Class,uint8,3,1,3,no_negative,,"observed min=1 >= 0, no clear name signal — weak guess, please confirm",
road-safety,openml,Sex_of_Casualty,float64,2,1.0,2.0,no_negative,,"observed min=1 >= 0, no clear name signal — weak guess, please confirm",
road-safety,openml,Age_of_Casualty,float64,99,0.0,98.0,no_negative,,name suggests non-negative quantity; observed min=0 >= 0,
road-safety,openml,Age_Band_of_Casualty,float64,11,1.0,11.0,no_negative,,name suggests non-negative quantity; observed min=1 >= 0,
road-safety,openml,Casualty_Severity,uint8,3,1,3,no_negative,,"observed min=1 >= 0, no clear name signal — weak guess, please confirm",
road-safety,openml,Pedestrian_Location,float64,11,0.0,10.0,no_negative,,name suggests non-negative quantity; observed min=0 >= 0,
road-safety,openml,Pedestrian_Movement,float64,10,0.0,9.0,no_negative,,name suggests non-negative quantity; observed min=0 >= 0,
road-safety,openml,Car_Passenger,float64,3,0.0,2.0,no_negative,,"observed min=0 >= 0, no clear name signal — weak guess, please confirm",
road-safety,openml,Bus_or_Coach_Passenger,float64,5,0.0,4.0,no_negative,,"observed min=0 >= 0, no clear name signal — weak guess, please confirm",
road-safety,openml,Pedestrian_Road_Maintenance_Worker,float64,3,0.0,2.0,no_negative,,name suggests non-negative quantity; observed min=0 >= 0,
road-safety,openml,Casualty_Type,uint8,21,0,98,no_negative,,"observed min=0 >= 0, no clear name signal — weak guess, please confirm",
road-safety,openml,Casualty_Home_Area_Type,float64,3,1.0,3.0,no_negative,,"observed min=1 >= 0, no clear name signal — weak guess, please confirm",
road-safety,openml,Casualty_IMD_Decile,float64,10,1.0,10.0,no_negative,,"observed min=1 >= 0, no clear name signal — weak guess, please confirm",
road-safety,openml,Sex_of_Driver,int64,2,0,1,no_negative,,"observed min=0 >= 0, no clear name signal — weak guess, please confirm",
road_safety,openml,Accident_Index,str,40210,,,categorical,,"non-numeric — not handled by this mechanism, do not annotate as no_negative/range",
road_safety,openml,Vehicle_Reference_df_res,uint8,37,1,37,no_negative,,"observed min=1 >= 0, no clear name signal — weak guess, please confirm",
road_safety,openml,Vehicle_Type,float64,20,1.0,98.0,no_negative,,"observed min=1 >= 0, no clear name signal — weak guess, please confirm",
road_safety,openml,Towing_and_Articulation,float64,6,0.0,5.0,no_negative,,"observed min=0 >= 0, no clear name signal — weak guess, please confirm",
road_safety,openml,Vehicle_Manoeuvre,float64,18,1.0,18.0,no_negative,,"observed min=1 >= 0, no clear name signal — weak guess, please confirm",
road_safety,openml,Vehicle_Location-Restricted_Lane,float64,10,0.0,9.0,no_negative,,"observed min=0 >= 0, no clear name signal — weak guess, please confirm",
road_safety,openml,Junction_Location,float64,9,0.0,8.0,no_negative,,name suggests non-negative quantity; observed min=0 >= 0,
road_safety,openml,Skidding_and_Overturning,float64,6,0.0,5.0,no_negative,,"observed min=0 >= 0, no clear name signal — weak guess, please confirm",
road_safety,openml,Hit_Object_in_Carriageway,float64,12,0.0,12.0,no_negative,,name suggests non-negative quantity; observed min=0 >= 0,
road_safety,openml,Vehicle_Leaving_Carriageway,float64,9,0.0,8.0,no_negative,,name suggests non-negative quantity; observed min=0 >= 0,
road_safety,openml,Hit_Object_off_Carriageway,float64,12,0.0,11.0,no_negative,,name suggests non-negative quantity; observed min=0 >= 0,
road_safety,openml,1st_Point_of_Impact,float64,5,0.0,4.0,no_negative,,"observed min=0 >= 0, no clear name signal — weak guess, please confirm",
road_safety,openml,Was_Vehicle_Left_Hand_Drive?,float64,2,1.0,2.0,no_negative,,"observed min=1 >= 0, no clear name signal — weak guess, please confirm",
road_safety,openml,Journey_Purpose_of_Driver,float64,6,1.0,6.0,no_negative,,"observed min=1 >= 0, no clear name signal — weak guess, please confirm",
road_safety,openml,Age_of_Driver,float64,91,4.0,94.0,no_negative,,name suggests non-negative quantity; observed min=4 >= 0,
road_safety,openml,Age_Band_of_Driver,float64,11,1.0,11.0,no_negative,,name suggests non-negative quantity; observed min=1 >= 0,
road_safety,openml,Engine_Capacity_(CC),float64,743,48.0,18146.0,no_negative,,"observed min=48 >= 0, no clear name signal — weak guess, please confirm",
road_safety,openml,Propulsion_Code,float64,10,1.0,12.0,no_negative,,name suggests non-negative quantity; observed min=1 >= 0,
road_safety,openml,Age_of_Vehicle,float64,52,1.0,104.0,no_negative,,name suggests non-negative quantity; observed min=1 >= 0,
road_safety,openml,Driver_Home_Area_Type,float64,3,1.0,3.0,no_negative,,"observed min=1 >= 0, no clear name signal — weak guess, please confirm",
road_safety,openml,Location_Easting_OSGR,float64,28916,70860.0,655022.0,no_negative,,name suggests non-negative quantity; observed min=7.09e+04 >= 0,
road_safety,openml,Location_Northing_OSGR,float64,29069,10628.0,1145671.0,no_negative,,name suggests non-negative quantity; observed min=1.06e+04 >= 0,
road_safety,openml,Longitude,float64,35020,-7.422915,1.7548709999999998,none,,"negative values present (min=-7.42) — verify: real negative quantity, or undocumented sentinel?",
road_safety,openml,Latitude,float64,34904,49.915618,60.193203,no_negative,,"observed min=49.9 >= 0, no clear name signal — weak guess, please confirm",
road_safety,openml,Police_Force,float64,49,1.0,98.0,no_negative,,"observed min=1 >= 0, no clear name signal — weak guess, please confirm",
road_safety,openml,Accident_Severity,float64,3,1.0,3.0,no_negative,,"observed min=1 >= 0, no clear name signal — weak guess, please confirm",
road_safety,openml,Number_of_Vehicles,float64,15,1.0,37.0,no_negative,,"observed min=1 >= 0, no clear name signal — weak guess, please confirm",
road_safety,openml,Number_of_Casualties,float64,21,1.0,38.0,no_negative,,"observed min=1 >= 0, no clear name signal — weak guess, please confirm",
road_safety,openml,Date,str,365,,,categorical,,"non-numeric — not handled by this mechanism, do not annotate as no_negative/range",
road_safety,openml,Day_of_Week,float64,7,1.0,7.0,no_negative,,"observed min=1 >= 0, no clear name signal — weak guess, please confirm",
road_safety,openml,Time,str,1392,,,categorical,,"non-numeric — not handled by this mechanism, do not annotate as no_negative/range",
road_safety,openml,Local_Authority_(District),float64,356,1.0,941.0,no_negative,,"observed min=1 >= 0, no clear name signal — weak guess, please confirm",
road_safety,openml,Local_Authority_(Highway),str,204,,,categorical,,"non-numeric — not handled by this mechanism, do not annotate as no_negative/range",
road_safety,openml,1st_Road_Class,float64,6,1.0,6.0,no_negative,,"observed min=1 >= 0, no clear name signal — weak guess, please confirm",
road_safety,openml,1st_Road_Number,float64,2875,0.0,9704.0,no_negative,,"observed min=0 >= 0, no clear name signal — weak guess, please confirm",
road_safety,openml,Road_Type,float64,6,1.0,9.0,no_negative,,"observed min=1 >= 0, no clear name signal — weak guess, please confirm",
road_safety,openml,Speed_limit,float64,7,10.0,70.0,no_negative,,"observed min=10 >= 0, no clear name signal — weak guess, please confirm",
road_safety,openml,Junction_Detail,float64,9,0.0,9.0,no_negative,,name suggests non-negative quantity; observed min=0 >= 0,
road_safety,openml,Junction_Control,float64,4,1.0,4.0,no_negative,,name suggests non-negative quantity; observed min=1 >= 0,
road_safety,openml,2nd_Road_Class,float64,6,1.0,6.0,no_negative,,"observed min=1 >= 0, no clear name signal — weak guess, please confirm",
road_safety,openml,2nd_Road_Number,float64,2370,0.0,9999.0,no_negative,,"observed min=0 >= 0, no clear name signal — weak guess, please confirm",
road_safety,openml,Pedestrian_Crossing-Human_Control,float64,3,0.0,2.0,no_negative,,name suggests non-negative quantity; observed min=0 >= 0,
road_safety,openml,Pedestrian_Crossing-Physical_Facilities,float64,6,0.0,8.0,no_negative,,name suggests non-negative quantity; observed min=0 >= 0,
road_safety,openml,Light_Conditions,float64,5,1.0,7.0,no_negative,,"observed min=1 >= 0, no clear name signal — weak guess, please confirm",
road_safety,openml,Weather_Conditions,float64,9,1.0,9.0,no_negative,,"observed min=1 >= 0, no clear name signal — weak guess, please confirm",
road_safety,openml,Road_Surface_Conditions,float64,5,1.0,5.0,no_negative,,"observed min=1 >= 0, no clear name signal — weak guess, please confirm",
road_safety,openml,Special_Conditions_at_Site,float64,8,0.0,7.0,no_negative,,"observed min=0 >= 0, no clear name signal — weak guess, please confirm",
road_safety,openml,Carriageway_Hazards,float64,6,0.0,7.0,no_negative,,name suggests non-negative quantity; observed min=0 >= 0,
road_safety,openml,Urban_or_Rural_Area,float64,2,1.0,2.0,no_negative,,name suggests non-negative quantity; observed min=1 >= 0,
road_safety,openml,Did_Police_Officer_Attend_Scene_of_Accident,float64,3,1.0,3.0,no_negative,,"observed min=1 >= 0, no clear name signal — weak guess, please confirm",
road_safety,openml,LSOA_of_Accident_Location,str,15917,,,categorical,,"non-numeric — not handled by this mechanism, do not annotate as no_negative/range",
road_safety,openml,Vehicle_Reference_df,uint8,28,1,32,no_negative,,"observed min=1 >= 0, no clear name signal — weak guess, please confirm",
road_safety,openml,Casualty_Reference,uint8,37,1,37,no_negative,,"observed min=1 >= 0, no clear name signal — weak guess, please confirm",
road_safety,openml,Casualty_Class,uint8,3,1,3,no_negative,,"observed min=1 >= 0, no clear name signal — weak guess, please confirm",
road_safety,openml,Sex_of_Casualty,float64,2,1.0,2.0,no_negative,,"observed min=1 >= 0, no clear name signal — weak guess, please confirm",
road_safety,openml,Age_of_Casualty,float64,99,0.0,98.0,no_negative,,name suggests non-negative quantity; observed min=0 >= 0,
road_safety,openml,Age_Band_of_Casualty,float64,11,1.0,11.0,no_negative,,name suggests non-negative quantity; observed min=1 >= 0,
road_safety,openml,Casualty_Severity,uint8,3,1,3,no_negative,,"observed min=1 >= 0, no clear name signal — weak guess, please confirm",
road_safety,openml,Pedestrian_Location,float64,11,0.0,10.0,no_negative,,name suggests non-negative quantity; observed min=0 >= 0,
road_safety,openml,Pedestrian_Movement,float64,10,0.0,9.0,no_negative,,name suggests non-negative quantity; observed min=0 >= 0,
road_safety,openml,Car_Passenger,float64,3,0.0,2.0,no_negative,,"observed min=0 >= 0, no clear name signal — weak guess, please confirm",
road_safety,openml,Bus_or_Coach_Passenger,float64,5,0.0,4.0,no_negative,,"observed min=0 >= 0, no clear name signal — weak guess, please confirm",
road_safety,openml,Pedestrian_Road_Maintenance_Worker,float64,3,0.0,2.0,no_negative,,name suggests non-negative quantity; observed min=0 >= 0,
road_safety,openml,Casualty_Type,uint8,21,0,98,no_negative,,"observed min=0 >= 0, no clear name signal — weak guess, please confirm",
road_safety,openml,Casualty_Home_Area_Type,float64,3,1.0,3.0,no_negative,,"observed min=1 >= 0, no clear name signal — weak guess, please confirm",
road_safety,openml,Casualty_IMD_Decile,float64,10,1.0,10.0,no_negative,,"observed min=1 >= 0, no clear name signal — weak guess, please confirm",
road_safety,openml,Sex_of_Driver,str,2,,,categorical,,"non-numeric — not handled by this mechanism, do not annotate as no_negative/range",
assistments,tableshift,skill,str,175,,,categorical,,"non-numeric — not handled by this mechanism, do not annotate as no_negative/range",
assistments,tableshift,problem_type,str,6,,,categorical,,"non-numeric — not handled by this mechanism, do not annotate as no_negative/range",
assistments,tableshift,original,int64,2,0,1,no_negative,,"observed min=0 >= 0, no clear name signal — weak guess, please confirm",
assistments,tableshift,correct,int64,2,0,1,no_negative,,"observed min=0 >= 0, no clear name signal — weak guess, please confirm",
assistments,tableshift,student_class_id,int64,1517,12309,27380,no_negative,,"observed min=1.23e+04 >= 0, no clear name signal — weak guess, please confirm",
assistments,tableshift,position,int64,928,0,8520,no_negative,,"observed min=0 >= 0, no clear name signal — weak guess, please confirm",
assistments,tableshift,type,str,6,,,categorical,,"non-numeric — not handled by this mechanism, do not annotate as no_negative/range",
assistments,tableshift,skill_id,float64,211,1.0,1641.0,no_negative,,"observed min=1 >= 0, no clear name signal — weak guess, please confirm",
assistments,tableshift,teacher_id,int64,802,11436,217991,no_negative,,"observed min=1.14e+04 >= 0, no clear name signal — weak guess, please confirm",
assistments,tableshift,school_id,float64,416,1.0,12421.0,no_negative,,"observed min=1 >= 0, no clear name signal — weak guess, please confirm",
default_credit,uci,X1,int64,81,10000,1000000,no_negative,,"observed min=1e+04 >= 0, no clear name signal — weak guess, please confirm",
default_credit,uci,X2,int64,2,1,2,no_negative,,"observed min=1 >= 0, no clear name signal — weak guess, please confirm",
default_credit,uci,X3,int64,7,0,6,no_negative,,"observed min=0 >= 0, no clear name signal — weak guess, please confirm",
default_credit,uci,X4,int64,4,0,3,no_negative,,"observed min=0 >= 0, no clear name signal — weak guess, please confirm",
default_credit,uci,X5,int64,56,21,79,no_negative,,"observed min=21 >= 0, no clear name signal — weak guess, please confirm",
default_credit,uci,X6,int64,11,-2,8,none,,"negative values present (min=-2) — verify: real negative quantity, or undocumented sentinel?",
default_credit,uci,X7,int64,11,-2,8,none,,"negative values present (min=-2) — verify: real negative quantity, or undocumented sentinel?",
default_credit,uci,X8,int64,11,-2,8,none,,"negative values present (min=-2) — verify: real negative quantity, or undocumented sentinel?",
default_credit,uci,X9,int64,11,-2,8,none,,"negative values present (min=-2) — verify: real negative quantity, or undocumented sentinel?",
default_credit,uci,X10,int64,10,-2,8,none,,"negative values present (min=-2) — verify: real negative quantity, or undocumented sentinel?",
default_credit,uci,X11,int64,10,-2,8,none,,"negative values present (min=-2) — verify: real negative quantity, or undocumented sentinel?",
default_credit,uci,X12,int64,22723,-165580,964511,none,,"negative values present (min=-1.66e+05) — verify: real negative quantity, or undocumented sentinel?",
default_credit,uci,X13,int64,22346,-69777,983931,none,,"negative values present (min=-6.98e+04) — verify: real negative quantity, or undocumented sentinel?",
default_credit,uci,X14,int64,22026,-157264,1664089,none,,"negative values present (min=-1.57e+05) — verify: real negative quantity, or undocumented sentinel?",
default_credit,uci,X15,int64,21548,-170000,891586,none,,"negative values present (min=-1.7e+05) — verify: real negative quantity, or undocumented sentinel?",
default_credit,uci,X16,int64,21010,-81334,927171,none,,"negative values present (min=-8.13e+04) — verify: real negative quantity, or undocumented sentinel?",
default_credit,uci,X17,int64,20604,-339603,961664,none,,"negative values present (min=-3.4e+05) — verify: real negative quantity, or undocumented sentinel?",
default_credit,uci,X18,int64,7943,0,873552,no_negative,,"observed min=0 >= 0, no clear name signal — weak guess, please confirm",
default_credit,uci,X19,int64,7899,0,1684259,no_negative,,"observed min=0 >= 0, no clear name signal — weak guess, please confirm",
default_credit,uci,X20,int64,7518,0,896040,no_negative,,"observed min=0 >= 0, no clear name signal — weak guess, please confirm",
default_credit,uci,X21,int64,6937,0,621000,no_negative,,"observed min=0 >= 0, no clear name signal — weak guess, please confirm",
default_credit,uci,X22,int64,6897,0,426529,no_negative,,"observed min=0 >= 0, no clear name signal — weak guess, please confirm",
default_credit,uci,X23,int64,6939,0,528666,no_negative,,"observed min=0 >= 0, no clear name signal — weak guess, please confirm",
default_credit,uci,Y,int64,2,0,1,no_negative,,"observed min=0 >= 0, no clear name signal — weak guess, please confirm",
diabetes_readmission,uci,race,str,5,,,categorical,,"non-numeric — not handled by this mechanism, do not annotate as no_negative/range",
diabetes_readmission,uci,gender,str,3,,,categorical,,"non-numeric — not handled by this mechanism, do not annotate as no_negative/range",
diabetes_readmission,uci,age,str,10,,,categorical,,"non-numeric — not handled by this mechanism, do not annotate as no_negative/range",
diabetes_readmission,uci,weight,str,9,,,categorical,,"non-numeric — not handled by this mechanism, do not annotate as no_negative/range",
diabetes_readmission,uci,admission_type_id,int64,8,1,8,no_negative,,name suggests non-negative quantity; observed min=1 >= 0,
diabetes_readmission,uci,discharge_disposition_id,int64,26,1,28,no_negative,,name suggests non-negative quantity; observed min=1 >= 0,
diabetes_readmission,uci,admission_source_id,int64,13,1,22,no_negative,,name suggests non-negative quantity; observed min=1 >= 0,
diabetes_readmission,uci,time_in_hospital,int64,14,1,14,no_negative,,name suggests non-negative quantity; observed min=1 >= 0,
diabetes_readmission,uci,payer_code,str,17,,,categorical,,"non-numeric — not handled by this mechanism, do not annotate as no_negative/range",
diabetes_readmission,uci,medical_specialty,str,64,,,categorical,,"non-numeric — not handled by this mechanism, do not annotate as no_negative/range",
diabetes_readmission,uci,num_lab_procedures,int64,116,1,132,no_negative,,name suggests non-negative quantity; observed min=1 >= 0,
diabetes_readmission,uci,num_procedures,int64,7,0,6,no_negative,,name suggests non-negative quantity; observed min=0 >= 0,
diabetes_readmission,uci,num_medications,int64,70,1,72,no_negative,,name suggests non-negative quantity; observed min=1 >= 0,
diabetes_readmission,uci,number_outpatient,int64,32,0,42,no_negative,,"observed min=0 >= 0, no clear name signal — weak guess, please confirm",
diabetes_readmission,uci,number_emergency,int64,26,0,76,no_negative,,"observed min=0 >= 0, no clear name signal — weak guess, please confirm",
diabetes_readmission,uci,number_inpatient,int64,18,0,21,no_negative,,"observed min=0 >= 0, no clear name signal — weak guess, please confirm",
diabetes_readmission,uci,diag_1,str,655,,,categorical,,"non-numeric — not handled by this mechanism, do not annotate as no_negative/range",
diabetes_readmission,uci,diag_2,str,665,,,categorical,,"non-numeric — not handled by this mechanism, do not annotate as no_negative/range",
diabetes_readmission,uci,diag_3,str,679,,,categorical,,"non-numeric — not handled by this mechanism, do not annotate as no_negative/range",
diabetes_readmission,uci,number_diagnoses,int64,16,1,16,no_negative,,"observed min=1 >= 0, no clear name signal — weak guess, please confirm",
diabetes_readmission,uci,max_glu_serum,str,3,,,categorical,,"non-numeric — not handled by this mechanism, do not annotate as no_negative/range",
diabetes_readmission,uci,A1Cresult,str,3,,,categorical,,"non-numeric — not handled by this mechanism, do not annotate as no_negative/range",
diabetes_readmission,uci,metformin,str,4,,,categorical,,"non-numeric — not handled by this mechanism, do not annotate as no_negative/range",
diabetes_readmission,uci,repaglinide,str,4,,,categorical,,"non-numeric — not handled by this mechanism, do not annotate as no_negative/range",
diabetes_readmission,uci,glimepiride,str,4,,,categorical,,"non-numeric — not handled by this mechanism, do not annotate as no_negative/range",
diabetes_readmission,uci,glipizide,str,4,,,categorical,,"non-numeric — not handled by this mechanism, do not annotate as no_negative/range",
diabetes_readmission,uci,glyburide,str,4,,,categorical,,"non-numeric — not handled by this mechanism, do not annotate as no_negative/range",
diabetes_readmission,uci,pioglitazone,str,4,,,categorical,,"non-numeric — not handled by this mechanism, do not annotate as no_negative/range",
diabetes_readmission,uci,rosiglitazone,str,4,,,categorical,,"non-numeric — not handled by this mechanism, do not annotate as no_negative/range",
diabetes_readmission,uci,insulin,str,4,,,categorical,,"non-numeric — not handled by this mechanism, do not annotate as no_negative/range",
diabetes_readmission,uci,change,str,2,,,categorical,,"non-numeric — not handled by this mechanism, do not annotate as no_negative/range",
diabetes_readmission,uci,diabetesMed,str,2,,,categorical,,"non-numeric — not handled by this mechanism, do not annotate as no_negative/range",
diabetes_readmission,uci,readmitted,int64,2,0,1,no_negative,,"observed min=0 >= 0, no clear name signal — weak guess, please confirm",
online_shoppers,uci,Administrative,int64,27,0,27,no_negative,,"observed min=0 >= 0, no clear name signal — weak guess, please confirm",
online_shoppers,uci,Administrative_Duration,float64,3335,0.0,3398.75,no_negative,,name suggests non-negative quantity; observed min=0 >= 0,
online_shoppers,uci,Informational,int64,17,0,24,no_negative,,"observed min=0 >= 0, no clear name signal — weak guess, please confirm",
online_shoppers,uci,Informational_Duration,float64,1258,0.0,2549.375,no_negative,,name suggests non-negative quantity; observed min=0 >= 0,
online_shoppers,uci,ProductRelated,int64,311,0,705,no_negative,,"observed min=0 >= 0, no clear name signal — weak guess, please confirm",
online_shoppers,uci,ProductRelated_Duration,float64,9551,0.0,63973.52223,no_negative,,name suggests non-negative quantity; observed min=0 >= 0,
online_shoppers,uci,BounceRates,float64,1872,0.0,0.2,no_negative,,name suggests non-negative quantity; observed min=0 >= 0,
online_shoppers,uci,ExitRates,float64,4777,0.0,0.2,no_negative,,name suggests non-negative quantity; observed min=0 >= 0,
online_shoppers,uci,SpecialDay,float64,6,0.0,1.0,no_negative,,"observed min=0 >= 0, no clear name signal — weak guess, please confirm",
online_shoppers,uci,Month,str,10,,,categorical,,"non-numeric — not handled by this mechanism, do not annotate as no_negative/range",
online_shoppers,uci,OperatingSystems,int64,8,1,8,no_negative,,"observed min=1 >= 0, no clear name signal — weak guess, please confirm",
online_shoppers,uci,Browser,int64,13,1,13,no_negative,,"observed min=1 >= 0, no clear name signal — weak guess, please confirm",
online_shoppers,uci,Region,int64,9,1,9,no_negative,,"observed min=1 >= 0, no clear name signal — weak guess, please confirm",
online_shoppers,uci,TrafficType,int64,20,1,20,no_negative,,"observed min=1 >= 0, no clear name signal — weak guess, please confirm",
online_shoppers,uci,VisitorType,str,3,,,categorical,,"non-numeric — not handled by this mechanism, do not annotate as no_negative/range",
online_shoppers,uci,Weekend,bool,2,False,True,no_negative,,"observed min=0 >= 0, no clear name signal — weak guess, please confirm",
online_shoppers,uci,Revenue,int64,2,0,1,no_negative,,"observed min=0 >= 0, no clear name signal — weak guess, please confirm",
